step,parameter,loss,lr,weight_norm,update_norm,update_to_weight_ratio
1,net.0.weight,0.42490994930267334,3.3333333333333335e-05,26.1326961517334,0.023009436205029488,0.0008804845880207143
1,net.0.bias,0.42490994930267334,3.3333333333333335e-05,1.607702374458313,0.001487436005845666,0.0009251936362579742
1,net.2.weight,0.42490994930267334,3.3333333333333335e-05,26.119932174682617,0.06640329957008362,0.0025422462480376054
1,net.2.bias,0.42490994930267334,3.3333333333333335e-05,0.5763291120529175,0.0015006951289251447,0.0026038856922906118
1,net.4.weight,0.42490994930267334,3.3333333333333335e-05,26.131328582763672,0.0659395232796669,0.0025233896191241066
1,net.4.bias,0.42490994930267334,3.3333333333333335e-05,0.5675163269042969,0.0015064168255776167,0.0026544026209692666
1,net.6.weight,0.42490994930267334,3.3333333333333335e-05,26.140071868896484,0.06617093831300735,0.002531398484475582
1,net.6.bias,0.42490994930267334,3.3333333333333335e-05,0.5771995186805725,0.0015075529227033257,0.002611840228400501
1,net.8.weight,0.42490994930267334,3.3333333333333335e-05,26.121145248413086,0.06690721213817596,0.0025614195511676776
1,net.8.bias,0.42490994930267334,3.3333333333333335e-05,0.5708373785018921,0.0015083416365087032,0.0026423315874429965
1,net.10.weight,0.42490994930267334,3.3333333333333335e-05,4.614759922027588,0.012045427225530148,0.0026101958561341033
1,net.10.bias,0.42490994930267334,3.3333333333333335e-05,0.10501526296138763,0.00026666998746804893,0.002539345043263845
2,net.0.weight,0.4255199432373047,6.666666666666667e-05,26.132911682128906,0.03585335984826088,0.0013719619261859496
2,net.0.bias,0.4255199432373047,6.666666666666667e-05,1.6076481342315674,0.002752315951511264,0.0017120138996253873
2,net.2.weight,0.4255199432373047,6.666666666666667e-05,26.12004852294922,0.1187019795179367,0.004544477756756251
2,net.2.bias,0.4255199432373047,6.666666666666667e-05,0.5763219594955444,0.0028239728417247534,0.004899991741068797
2,net.4.weight,0.4255199432373047,6.666666666666667e-05,26.131460189819336,0.11456818133592606,0.004384300781651733
2,net.4.bias,0.4255199432373047,6.666666666666667e-05,0.5675122141838074,0.0028570734430104494,0.005034382294519379
2,net.6.weight,0.4255199432373047,6.666666666666667e-05,26.14020538330078,0.11615470051765442,0.004443526698220124
2,net.6.bias,0.4255199432373047,6.666666666666667e-05,0.5772308707237244,0.002882228698581457,0.0049931991595802165
2,net.8.weight,0.4255199432373047,6.666666666666667e-05,26.1212215423584,0.12255851179361343,0.004691913492440294
2,net.8.bias,0.4255199432373047,6.666666666666667e-05,0.5707892179489136,0.0028955962043255568,0.0050729693436233
2,net.10.weight,0.4255199432373047,6.666666666666667e-05,4.6146697998046875,0.022748716175556183,0.004929651992980951
2,net.10.bias,0.4255199432373047,6.666666666666667e-05,0.10499942302703857,0.0005137643311172724,0.00489302051674105
3,net.0.weight,0.43622177839279175,0.0001,26.134403228759766,0.047513704746961594,0.0018180520263296022
3,net.0.bias,0.43622177839279175,0.0001,1.60758638381958,0.0038471899461001158,0.002393146635740532
3,net.2.weight,0.43622177839279175,0.0001,26.12082862854004,0.16891738772392273,0.0064667698764870295
3,net.2.bias,0.43622177839279175,0.0001,0.5763338208198547,0.0040260679088532925,0.0069856526953876695
3,net.4.weight,0.43622177839279175,0.0001,26.132251739501953,0.1613418459892273,0.00617405065577798
3,net.4.bias,0.43622177839279175,0.0001,0.5675633549690247,0.004111889284104109,0.007244811082506409
3,net.6.weight,0.43622177839279175,0.0001,26.140995025634766,0.16364207863807678,0.006259978951742414
3,net.6.bias,0.43622177839279175,0.0001,0.5773944854736328,0.004191202111542225,0.007258819086407121
3,net.8.weight,0.43622177839279175,0.0001,26.12188148498535,0.17552350461483002,0.0067194051361009165
3,net.8.bias,0.43622177839279175,0.0001,0.5707302689552307,0.004290679004043341,0.007517875321205209
3,net.10.weight,0.43622177839279175,0.0001,4.614638805389404,0.033281952142715454,0.007212255074838294
3,net.10.bias,0.43622177839279175,0.0001,0.10495911538600922,0.0007701104623265564,0.007337242310916143
4,net.0.weight,0.4184383749961853,0.00013333333333333334,26.139352798461914,0.0590134933590889,0.0022576493692897156
4,net.0.bias,0.4184383749961853,0.00013333333333333334,1.6075307130813599,0.004910427611321211,0.003054639996214297
4,net.2.weight,0.4184383749961853,0.00013333333333333334,26.123205184936523,0.21858303248882294,0.008367389489206513
4,net.2.bias,0.4184383749961853,0.00013333333333333334,0.5764426589012146,0.005151644349098206,0.00893695889703584
4,net.4.weight,0.4184383749961853,0.00013333333333333334,26.134552001953125,0.2067432552576065,0.007910725052495864
4,net.4.bias,0.4184383749961853,0.00013333333333333334,0.5678312182426453,0.005309658125042915,0.00935076824672573
4,net.6.weight,0.4184383749961853,0.00013333333333333334,26.143278121948242,0.2085312455892563,0.007976476577135391
4,net.6.bias,0.4184383749961853,0.00013333333333333334,0.5779259204864502,0.005400944035500288,0.009345391587479275
4,net.8.weight,0.4184383749961853,0.00013333333333333334,26.124067306518555,0.22549955546855927,0.008631870099809915
4,net.8.bias,0.4184383749961853,0.00013333333333333334,0.570734977722168,0.00566688971593976,0.009929108845854519
4,net.10.weight,0.4184383749961853,0.00013333333333333334,4.614945411682129,0.04262009635567665,0.009235233042581493
4,net.10.bias,0.4184383749961853,0.00013333333333333334,0.10490676760673523,0.001011983142234385,0.00964650008117697
5,net.0.weight,0.41171205043792725,0.00016666666666666666,26.150634765625,0.06994768977165222,0.0026747989254776497
5,net.0.bias,0.41171205043792725,0.00016666666666666666,1.6075390577316284,0.005908327177166939,0.003675386391857925
5,net.2.weight,0.41171205043792725,0.00016666666666666666,26.128305435180664,0.2701477110385895,0.01033927407610778
5,net.2.bias,0.41171205043792725,0.00016666666666666666,0.5767279863357544,0.0062772794626653194,0.010884298337155549
5,net.4.weight,0.41171205043792725,0.00016666666666666666,26.139429092407227,0.25135764479637146,0.009616034225834864
5,net.4.bias,0.41171205043792725,0.00016666666666666666,0.5685012936592102,0.006514006294310093,0.011458208392776207
5,net.6.weight,0.41171205043792725,0.00016666666666666666,26.148080825805664,0.2510077953338623,0.009599472978764144
5,net.6.bias,0.41171205043792725,0.00016666666666666666,0.5791276097297668,0.006551235448569059,0.011312248524338191
5,net.8.weight,0.41171205043792725,0.00016666666666666666,26.129013061523438,0.2727765142917633,0.010439602661205881
5,net.8.bias,0.41171205043792725,0.00016666666666666666,0.5708978772163391,0.007008782122284174,0.012276770333178571
5,net.10.weight,0.41171205043792725,0.00016666666666666666,4.616051197052002,0.05068691074848175,0.010980578114222926
5,net.10.bias,0.41171205043792725,0.00016666666666666666,0.10484259575605392,0.0012583618517965078,0.012002391229652918
6,net.0.weight,0.39704614877700806,0.0002,26.171953201293945,0.08112793415784836,0.0030998043414595965
6,net.0.bias,0.39704614877700806,0.0002,1.6075948476791382,0.006798883900046349,0.004229227227159754
6,net.2.weight,0.39704614877700806,0.0002,26.13736343383789,0.32289883494377136,0.012353917630641385
6,net.2.bias,0.39704614877700806,0.0002,0.5772762298583984,0.0073869009502232075,0.012796128730322327
6,net.4.weight,0.39704614877700806,0.0002,26.14797592163086,0.29741987586021423,0.011374489434731896
6,net.4.bias,0.39704614877700806,0.0002,0.5696980357170105,0.00778203597292304,0.013659931200445032
6,net.6.weight,0.39704614877700806,0.0002,26.156274795532227,0.29782935976982117,0.011386535815898892
6,net.6.bias,0.39704614877700806,0.0002,0.5812817811965942,0.007789136376231909,0.01339993206082879
6,net.8.weight,0.39704614877700806,0.0002,26.137954711914062,0.32030966877937317,0.012254580448613729
6,net.8.bias,0.39704614877700806,0.0002,0.5713374018669128,0.008298303000628948,0.014524347563301924
6,net.10.weight,0.39704614877700806,0.0002,4.618472099304199,0.05697248876094818,0.012335787146907617
6,net.10.bias,0.39704614877700806,0.0002,0.1047753393650055,0.001485180458985269,0.014174904781852826
7,net.0.weight,0.38007402420043945,0.00023333333333333333,26.206398010253906,0.09196820110082626,0.0035093796967000735
7,net.0.bias,0.38007402420043945,0.00023333333333333333,1.607692837715149,0.007817720994353294,0.004862695666084965
7,net.2.weight,0.38007402420043945,0.00023333333333333333,26.151689529418945,0.38041648268699646,0.014546535597979348
7,net.2.bias,0.38007402420043945,0.00023333333333333333,0.5781606435775757,0.008605528622865677,0.014884321024717095
7,net.4.weight,0.38007402420043945,0.00023333333333333333,26.16114044189453,0.3527188003063202,0.013482546798360334
7,net.4.bias,0.38007402420043945,0.00023333333333333333,0.5714978575706482,0.009181552566587925,0.016065769005009625
7,net.6.weight,0.38007402420043945,0.00023333333333333333,26.168731689453125,0.3548385202884674,0.013559637681312587
7,net.6.bias,0.38007402420043945,0.00023333333333333333,0.5845991969108582,0.009180059656500816,0.015703168435759286
7,net.8.weight,0.38007402420043945,0.00023333333333333333,26.152074813842773,0.3736626207828522,0.01428806790446568
7,net.8.bias,0.38007402420043945,0.00023333333333333333,0.5722032785415649,0.009487863630056381,0.01658128148835341
7,net.10.weight,0.38007402420043945,0.00023333333333333333,4.6227707862854,0.06312553584575653,0.013655346276963187
7,net.10.bias,0.38007402420043945,0.00023333333333333333,0.10473213344812393,0.0016748473281040788,0.015991723580553875
8,net.0.weight,0.3369128108024597,0.0002666666666666667,26.25406837463379,0.10282311588525772,0.0039164640854140375
8,net.0.bias,0.3369128108024597,0.0002666666666666667,1.6077749729156494,0.009704601019620895,0.006036044336491882
8,net.2.weight,0.3369128108024597,0.0002666666666666667,26.1732234954834,0.45576024055480957,0.017413225414647845
8,net.2.bias,0.3369128108024597,0.0002666666666666667,0.5794268250465393,0.010391626507043839,0.017934320707725583
8,net.4.weight,0.3369128108024597,0.0002666666666666667,26.18059730529785,0.4289323687553406,0.01638359750747714
8,net.4.bias,0.3369128108024597,0.0002666666666666667,0.5739248394966125,0.010675049386918545,0.018600082540915275
8,net.6.weight,0.3369128108024597,0.0002666666666666667,26.187223434448242,0.42712676525115967,0.016310502192809474
8,net.6.bias,0.3369128108024597,0.0002666666666666667,0.5891449451446533,0.010232524015009403,0.01736843216485037
8,net.8.weight,0.3369128108024597,0.0002666666666666667,26.17304039001465,0.41905292868614197,0.01601086165159536
8,net.8.bias,0.3369128108024597,0.0002666666666666667,0.5736432075500488,0.010049713775515556,0.017519101844570777
8,net.10.weight,0.3369128108024597,0.0002666666666666667,4.629280090332031,0.06790204346179962,0.014667948825047093
8,net.10.bias,0.3369128108024597,0.0002666666666666667,0.1047116294503212,0.0017525625880807638,0.016737038639172738
9,net.0.weight,0.41554564237594604,0.0003,26.309022903442383,0.10281886905431747,0.003908121918160033
9,net.0.bias,0.41554564237594604,0.0003,1.6078678369522095,0.005304448772221804,0.0032990577025762517
9,net.2.weight,0.41554564237594604,0.0003,26.205875396728516,0.19545172154903412,0.007458316831248991
9,net.2.bias,0.41554564237594604,0.0003,0.581161379814148,0.004273006226867437,0.0073525295645659045
9,net.4.weight,0.41554564237594604,0.0003,26.210222244262695,0.2109210193157196,0.008047280841423973
9,net.4.bias,0.41554564237594604,0.0003,0.576961100101471,0.0031715070363134146,0.005496916578527802
9,net.6.weight,0.41554564237594604,0.0003,26.21542739868164,0.20685997605323792,0.007890772593836894
9,net.6.bias,0.41554564237594604,0.0003,0.5945425033569336,0.004405175801366568,0.007409353875448532
9,net.8.weight,0.41554564237594604,0.0003,26.2021541595459,0.2283383309841156,0.00871448696903907
9,net.8.bias,0.41554564237594604,0.0003,0.5754548907279968,0.007087229285389185,0.012315872885228708
9,net.10.weight,0.41554564237594604,0.0003,4.637352466583252,0.042890939861536026,0.009249014425926865
9,net.10.bias,0.41554564237594604,0.0003,0.10474783182144165,0.0012260102666914463,0.011704397555276984
10,net.0.weight,0.3537364602088928,0.0003333333333333333,26.288311004638672,0.10668302327394485,0.004058192375125212
10,net.0.bias,0.3537364602088928,0.0003333333333333333,1.607918381690979,0.006733606103807688,0.0041877785467731524
10,net.2.weight,0.3537364602088928,0.0003333333333333333,26.19489097595215,0.2644658386707306,0.010096084725587129
10,net.2.bias,0.3537364602088928,0.0003333333333333333,0.580468475818634,0.005801819730550051,0.009995064283840309
10,net.4.weight,0.3537364602088928,0.0003333333333333333,26.200531005859375,0.2765823304653168,0.010556363548641937
10,net.4.bias,0.3537364602088928,0.0003333333333333333,0.5765752792358398,0.004357851110398769,0.007558165026038608
10,net.6.weight,0.3537364602088928,0.0003333333333333333,26.20815658569336,0.2705634534358978,0.010323635412938367
10,net.6.bias,0.3537364602088928,0.0003333333333333333,0.5950033068656921,0.004270961973816156,0.007178047457104679
10,net.8.weight,0.3537364602088928,0.0003333333333333333,26.199542999267578,0.2725456953048706,0.010402688906157247
10,net.8.bias,0.3537364602088928,0.0003333333333333333,0.575412392616272,0.0065130204893648624,0.011318874207334342
10,net.10.weight,0.3537364602088928,0.0003333333333333333,4.634562969207764,0.05180729925632477,0.011178464852141334
10,net.10.bias,0.3537364602088928,0.0003333333333333333,0.10479173809289932,0.0010356353595852852,0.009882795900065902
11,net.0.weight,0.3487183451652527,0.00036666666666666667,26.250789642333984,0.10812044888734818,0.0041187503446747774
11,net.0.bias,0.3487183451652527,0.00036666666666666667,1.6079926490783691,0.00598280131816864,0.0037206645948274202
11,net.2.weight,0.3487183451652527,0.00036666666666666667,26.18099021911621,0.22719109058380127,0.008677711907852756
11,net.2.bias,0.3487183451652527,0.00036666666666666667,0.5795332789421082,0.0049199266359210014,0.008489463529863092
11,net.4.weight,0.3487183451652527,0.00036666666666666667,26.18885612487793,0.24017547070980072,0.009170903439407864
11,net.4.bias,0.3487183451652527,0.00036666666666666667,0.5757037997245789,0.003552247304469347,0.006170268992785473
11,net.6.weight,0.3487183451652527,0.00036666666666666667,26.19881248474121,0.2340318113565445,0.008932916768378337
11,net.6.bias,0.3487183451652527,0.00036666666666666667,0.5944485068321228,0.004167892504483461,0.007011360036371509
11,net.8.weight,0.3487183451652527,0.00036666666666666667,26.194780349731445,0.24492567777633667,0.009350171083944505
11,net.8.bias,0.3487183451652527,0.00036666666666666667,0.57487553358078,0.006736428011208773,0.011718063507154262
11,net.10.weight,0.3487183451652527,0.00036666666666666667,4.630819320678711,0.04478512331843376,0.00967110142225758
11,net.10.bias,0.3487183451652527,0.00036666666666666667,0.1048111692070961,0.001134705962613225,0.010826193154769246
12,net.0.weight,0.35946112871170044,0.0004,26.22185516357422,0.10833395272493362,0.004131437384927076
12,net.0.bias,0.35946112871170044,0.0004,1.6080906391143799,0.005084074568003416,0.003161559705865434
12,net.2.weight,0.35946112871170044,0.0004,26.171945571899414,0.18705353140830994,0.00714710073404507
12,net.2.bias,0.35946112871170044,0.0004,0.578812837600708,0.003971784375607967,0.006861949351489486
12,net.4.weight,0.35946112871170044,0.0004,26.18203353881836,0.20705388486385345,0.007908243053652363
12,net.4.bias,0.35946112871170044,0.0004,0.5751602649688721,0.0030356510542333126,0.005277922066465429
12,net.6.weight,0.35946112871170044,0.0004,26.194154739379883,0.20486287772655487,0.007820938669899786
12,net.6.bias,0.35946112871170044,0.0004,0.5946273803710938,0.00470383744686842,0.007910563156262429
12,net.8.weight,0.35946112871170044,0.0004,26.194669723510742,0.21802619099617004,0.008323303683439191
12,net.8.bias,0.35946112871170044,0.0004,0.574860692024231,0.007345202844589949,0.012777361448606998
12,net.10.weight,0.35946112871170044,0.0004,4.628325462341309,0.036685679107904434,0.007926339538219602
12,net.10.bias,0.35946112871170044,0.0004,0.10481372475624084,0.0013450387632474303,0.012832658760820764
13,net.0.weight,0.38094261288642883,0.00043333333333333337,26.202795028686523,0.10933742672204971,0.004172739076207264
13,net.0.bias,0.38094261288642883,0.00043333333333333337,1.6082090139389038,0.004219161346554756,0.0026235155443016583
13,net.2.weight,0.38094261288642883,0.00043333333333333337,26.167560577392578,0.1695045530796051,0.0064776597183479265
13,net.2.bias,0.38094261288642883,0.00043333333333333337,0.5783537030220032,0.00352123798802495,0.006088381503612481
13,net.4.weight,0.38094261288642883,0.00043333333333333337,26.179758071899414,0.20674468576908112,0.007897119797718635
13,net.4.bias,0.38094261288642883,0.00043333333333333337,0.575139582157135,0.003852101508527994,0.006697681098699887
13,net.6.weight,0.38094261288642883,0.00043333333333333337,26.19394874572754,0.2173091620206833,0.008296158938469645
13,net.6.bias,0.38094261288642883,0.00043333333333333337,0.5961025953292847,0.006249984260648489,0.01048474593068333
13,net.8.weight,0.38094261288642883,0.00043333333333333337,26.199081420898438,0.22651274502277374,0.00864582774425402
13,net.8.bias,0.38094261288642883,0.00043333333333333337,0.5758659243583679,0.00852157548069954,0.014797846374039776
13,net.10.weight,0.38094261288642883,0.00043333333333333337,4.62705135345459,0.03274686262011528,0.007077263708272059
13,net.10.bias,0.38094261288642883,0.00043333333333333337,0.10481744259595871,0.0016362196765840054,0.015610185061384913
14,net.0.weight,0.37220820784568787,0.00046666666666666666,26.1932373046875,0.11102565377950668,0.00423871446236383
14,net.0.bias,0.37220820784568787,0.00046666666666666666,1.6083440780639648,0.0034835180267691612,0.002165903474437153
14,net.2.weight,0.37220820784568787,0.00046666666666666666,26.167470932006836,0.18196256458759308,0.006953769627198665
14,net.2.bias,0.37220820784568787,0.00046666666666666666,0.5781500339508057,0.0037631390150636435,0.0065089315819081076
14,net.4.weight,0.37220820784568787,0.00046666666666666666,26.181964874267578,0.23538587987422943,0.008990382540218505
14,net.4.bias,0.37220820784568787,0.00046666666666666666,0.5757606029510498,0.005357392597943544,0.009304896115650033
14,net.6.weight,0.37220820784568787,0.00046666666666666666,26.198381423950195,0.25804007053375244,0.009849466131440311
14,net.6.bias,0.37220820784568787,0.00046666666666666666,0.5991777181625366,0.00806682463735342,0.0134631585802147
14,net.8.weight,0.37220820784568787,0.00046666666666666666,26.20807456970215,0.26148858666419983,0.009977405473597583
14,net.8.bias,0.37220820784568787,0.00046666666666666666,0.5782052874565125,0.009861522354185581,0.01705539981753847
14,net.10.weight,0.37220820784568787,0.00046666666666666666,4.627039909362793,0.03674953803420067,0.007942342999860052
14,net.10.bias,0.37220820784568787,0.00046666666666666666,0.10490830987691879,0.0019256920786574483,0.018355953698202948
15,net.0.weight,0.3598760962486267,0.0005,26.192625045776367,0.11356216669082642,0.0043356542726189495
15,net.0.bias,0.3598760962486267,0.0005,1.60848867893219,0.0028902858030050993,0.001796895334646584
15,net.2.weight,0.3598760962486267,0.0005,26.171600341796875,0.21328312158584595,0.008149410765883738
15,net.2.bias,0.3598760962486267,0.0005,0.5781826376914978,0.004466820973902941,0.007725622809667129
15,net.4.weight,0.3598760962486267,0.0005,26.18901252746582,0.2767612636089325,0.010567838833887995
15,net.4.bias,0.3598760962486267,0.0005,0.5770270228385925,0.006932549644261599,0.012014254740025909
15,net.6.weight,0.3598760962486267,0.0005,26.208099365234375,0.3074171245098114,0.011729851914313444
15,net.6.bias,0.3598760962486267,0.0005,0.6037446856498718,0.009706049226224422,0.01607641351869924
15,net.8.weight,0.3598760962486267,0.0005,26.222139358520508,0.30440229177474976,0.011608598658287528
15,net.8.bias,0.3598760962486267,0.0005,0.5818113088607788,0.011078289709985256,0.019041035368798875
15,net.10.weight,0.3598760962486267,0.0005,4.628304481506348,0.043719105422496796,0.009446030527418497
15,net.10.bias,0.3598760962486267,0.0005,0.10506000369787216,0.002182143973186612,0.020770453991815426
16,net.0.weight,0.3675462603569031,0.0005333333333333334,26.20045280456543,0.1157379299402237,0.004417401897728132
16,net.0.bias,0.3675462603569031,0.0005333333333333334,1.60863196849823,0.0025425516068935394,0.0015805676231010059
16,net.2.weight,0.3675462603569031,0.0005333333333333334,26.18029022216797,0.24545800685882568,0.009375679367029549
16,net.2.bias,0.3675462603569031,0.0005333333333333334,0.5784436464309692,0.005198282189667225,0.008986670044248782
16,net.4.weight,0.3675462603569031,0.0005333333333333334,26.20167350769043,0.31406134366989136,0.011986308568332915
16,net.4.bias,0.3675462603569031,0.0005333333333333334,0.5789233446121216,0.008015451952815056,0.013845446080923555
16,net.6.weight,0.3675462603569031,0.0005333333333333334,26.224157333374023,0.34956374764442444,0.013329837187925735
16,net.6.bias,0.3675462603569031,0.0005333333333333334,0.6095597743988037,0.010681933723390102,0.017524013512744463
16,net.8.weight,0.3675462603569031,0.0005333333333333334,26.241960525512695,0.34151336550712585,0.013014018719184612
16,net.8.bias,0.3675462603569031,0.0005333333333333334,0.5865705609321594,0.011821680702269077,0.020153893648331814
16,net.10.weight,0.3675462603569031,0.0005333333333333334,4.63087272644043,0.05188295617699623,0.01120371023819448
16,net.10.bias,0.3675462603569031,0.0005333333333333334,0.10533406585454941,0.0023648389615118504,0.022450846668895696
17,net.0.weight,0.3550715446472168,0.0005666666666666667,26.214632034301758,0.11924385279417038,0.004548751729116022
17,net.0.bias,0.3550715446472168,0.0005666666666666667,1.608764886856079,0.002466876758262515,0.001533397936775831
17,net.2.weight,0.3550715446472168,0.0005666666666666667,26.19350242614746,0.23536740243434906,0.008985717091403377
17,net.2.bias,0.3550715446472168,0.0005666666666666667,0.5788862705230713,0.004908273462206125,0.008478821682488855
17,net.4.weight,0.3550715446472168,0.0005666666666666667,26.2203369140625,0.29821792244911194,0.01137353510851234
17,net.4.bias,0.3550715446472168,0.0005666666666666667,0.5812768340110779,0.007526246830821037,0.012947783896506708
17,net.6.weight,0.3550715446472168,0.0005666666666666667,26.24701690673828,0.3497954308986664,0.013327054733174836
17,net.6.bias,0.3550715446472168,0.0005666666666666667,0.6160969734191895,0.010309264995157719,0.01673318558593753
17,net.8.weight,0.3550715446472168,0.0005666666666666667,26.266874313354492,0.3524145781993866,0.013416692599020565
17,net.8.bias,0.3550715446472168,0.0005666666666666667,0.5921146869659424,0.011682684533298016,0.01973044207560754
17,net.10.weight,0.3550715446472168,0.0005666666666666667,4.634481906890869,0.05627981945872307,0.012143713275704524
17,net.10.bias,0.3550715446472168,0.0005666666666666667,0.10575909167528152,0.002371867187321186,0.022427076005944454
18,net.0.weight,0.3603927493095398,0.0006,26.2283878326416,0.12161283195018768,0.00463668726900701
18,net.0.bias,0.3603927493095398,0.0006,1.6088935136795044,0.003508492838591337,0.002180686794222627
18,net.2.weight,0.3603927493095398,0.0006,26.208412170410156,0.15625889599323273,0.005962165696159658
18,net.2.bias,0.3603927493095398,0.0006,0.5793365240097046,0.0028522834181785583,0.004923361983873088
18,net.4.weight,0.3603927493095398,0.0006,26.241971969604492,0.19826290011405945,0.007555182984864974
18,net.4.bias,0.3603927493095398,0.0006,0.5835801959037781,0.004679605830460787,0.00801878792890424
18,net.6.weight,0.3603927493095398,0.0006,26.273460388183594,0.28339025378227234,0.010786179269698567
18,net.6.bias,0.3603927493095398,0.0006,0.6223742961883545,0.008070497773587704,0.012967273589244212
18,net.8.weight,0.3603927493095398,0.0006,26.29328155517578,0.33635035157203674,0.012792254586640853
18,net.8.bias,0.3603927493095398,0.0006,0.5977036952972412,0.01049397699534893,0.017557155958572785
18,net.10.weight,0.3603927493095398,0.0006,4.63793420791626,0.05692524090409279,0.01227383536552328
18,net.10.bias,0.3603927493095398,0.0006,0.10626646876335144,0.00212009996175766,0.019950789618115434
19,net.0.weight,0.3510793149471283,0.0006333333333333333,26.22465705871582,0.13049077987670898,0.004975881270231524
19,net.0.bias,0.3510793149471283,0.0006333333333333333,1.609066128730774,0.004987651947885752,0.0030997184384335993
19,net.2.weight,0.3510793149471283,0.0006333333333333333,26.215543746948242,0.19734756648540497,0.007527883777286834
19,net.2.bias,0.3510793149471283,0.0006333333333333333,0.5794004797935486,0.004052318166941404,0.006993984831330002
19,net.4.weight,0.3510793149471283,0.0006333333333333333,26.254623413085938,0.2239338606595993,0.008529311471593429
19,net.4.bias,0.3510793149471283,0.0006333333333333333,0.584911584854126,0.003765104804188013,0.006437049464710143
19,net.6.weight,0.3510793149471283,0.0006333333333333333,26.29163360595703,0.28616034984588623,0.010884084044935474
19,net.6.bias,0.3510793149471283,0.0006333333333333333,0.6270924806594849,0.006418628618121147,0.010235537526093384
19,net.8.weight,0.3510793149471283,0.0006333333333333333,26.311922073364258,0.3361094295978546,0.012774035612476238
19,net.8.bias,0.3510793149471283,0.0006333333333333333,0.6022019982337952,0.00917359534651041,0.01523341897472235
19,net.10.weight,0.3510793149471283,0.0006333333333333333,4.638594627380371,0.055536314845085144,0.011972659675253638
19,net.10.bias,0.3510793149471283,0.0006333333333333333,0.10678598284721375,0.0017428274732083082,0.0163207513452575
20,net.0.weight,0.3520355820655823,0.0006666666666666666,26.206314086914062,0.1342020481824875,0.005120981445059469
20,net.0.bias,0.3520355820655823,0.0006666666666666666,1.609291672706604,0.00543624022975564,0.0033780329084861557
20,net.2.weight,0.3520355820655823,0.0006666666666666666,26.216472625732422,0.22722893953323364,0.008667410859468568
20,net.2.bias,0.3520355820655823,0.0006666666666666666,0.5791455507278442,0.004835950676351786,0.008350147333902814
20,net.4.weight,0.3520355820655823,0.0006666666666666666,26.260459899902344,0.25202667713165283,0.009597192055748806
20,net.4.bias,0.3520355820655823,0.0006666666666666666,0.5853325128555298,0.003919903188943863,0.006696882716835111
20,net.6.weight,0.3520355820655823,0.0006666666666666666,26.302640914916992,0.2796192765235901,0.010630844158504626
20,net.6.bias,0.3520355820655823,0.0006666666666666666,0.6303442120552063,0.005627903155982494,0.008928301471402415
20,net.8.weight,0.3520355820655823,0.0006666666666666666,26.324302673339844,0.30050763487815857,0.011415597161572685
20,net.8.bias,0.3520355820655823,0.0006666666666666666,0.6055050492286682,0.008071048185229301,0.013329448194545577
20,net.10.weight,0.3520355820655823,0.0006666666666666666,4.637014389038086,0.04985779896378517,0.010752133761251451
20,net.10.bias,0.3520355820655823,0.0006666666666666666,0.10723136365413666,0.0014915458159521222,0.013909604103916317
21,net.0.weight,0.3549058437347412,0.0007,26.183937072753906,0.13498087227344513,0.005155102225398393
21,net.0.bias,0.3549058437347412,0.0007,1.6095398664474487,0.0050117080099880695,0.003113752019730852
21,net.2.weight,0.3549058437347412,0.0007,26.216796875,0.2026558518409729,0.007730000457615892
21,net.2.bias,0.3549058437347412,0.0007,0.5787999033927917,0.004147659987211227,0.007165965237552045
21,net.4.weight,0.3549058437347412,0.0007,26.265705108642578,0.2239370346069336,0.008525833731882126
21,net.4.bias,0.3549058437347412,0.0007,0.5853666663169861,0.0034169238060712814,0.00583723673158553
21,net.6.weight,0.3549058437347412,0.0007,26.312652587890625,0.23080474138259888,0.008771625764892202
21,net.6.bias,0.3549058437347412,0.0007,0.6330208778381348,0.005427430849522352,0.008573857576479747
21,net.8.weight,0.3549058437347412,0.0007,26.33656883239746,0.248171865940094,0.009423090286340178
21,net.8.bias,0.3549058437347412,0.0007,0.6083544492721558,0.0076105110347270966,0.012509994862094663
21,net.10.weight,0.3549058437347412,0.0007,4.635049819946289,0.04230503737926483,0.009127202300439365
21,net.10.bias,0.3549058437347412,0.0007,0.10758538544178009,0.0014817763585597277,0.013773026442904663
22,net.0.weight,0.34138113260269165,0.0007333333333333333,26.165294647216797,0.13384059071540833,0.005115195243163255
22,net.0.bias,0.34138113260269165,0.0007333333333333333,1.6097922325134277,0.004414305090904236,0.002742158274681211
22,net.2.weight,0.34138113260269165,0.0007333333333333333,26.21973419189453,0.16923868656158447,0.006454630139381896
22,net.2.bias,0.34138113260269165,0.0007333333333333333,0.5785133242607117,0.003082536393776536,0.005328375794482767
22,net.4.weight,0.34138113260269165,0.0007333333333333333,26.27362823486328,0.20062357187271118,0.007635929460495967
22,net.4.bias,0.34138113260269165,0.0007333333333333333,0.5855849981307983,0.00347504997625947,0.005934322066569182
22,net.6.weight,0.34138113260269165,0.0007333333333333333,26.324981689453125,0.2143825739622116,0.008143693184337603
22,net.6.bias,0.34138113260269165,0.0007333333333333333,0.6360913515090942,0.006396414712071419,0.010055811475657154
22,net.8.weight,0.34138113260269165,0.0007333333333333333,26.35208511352539,0.24597154557704926,0.009334044896917955
22,net.8.bias,0.34138113260269165,0.0007333333333333333,0.6115617752075195,0.007975748740136623,0.013041607673125474
22,net.10.weight,0.34138113260269165,0.0007333333333333333,4.633960247039795,0.043571870774030685,0.009402728649186124
22,net.10.bias,0.34138113260269165,0.0007333333333333333,0.1079263985157013,0.0016319974092766643,0.01512139227956577
23,net.0.weight,0.34414756298065186,0.0007666666666666667,26.152584075927734,0.13297966122627258,0.0050847618285137005
23,net.0.bias,0.34414756298065186,0.0007666666666666667,1.6100459098815918,0.003922618925571442,0.0024363397972048664
23,net.2.weight,0.34414756298065186,0.0007666666666666667,26.22542381286621,0.16362982988357544,0.006239358839390749
23,net.2.bias,0.34414756298065186,0.0007666666666666667,0.5783171057701111,0.002675817348062992,0.00462690333964748
23,net.4.weight,0.34414756298065186,0.0007666666666666667,26.284381866455078,0.21292616426944733,0.008100862533168038
23,net.4.bias,0.34414756298065186,0.0007666666666666667,0.5862596035003662,0.004329273477196693,0.007384567265675485
23,net.6.weight,0.34414756298065186,0.0007666666666666667,26.340429306030273,0.2355426698923111,0.008942248706568609
23,net.6.bias,0.34414756298065186,0.0007666666666666667,0.6399702429771423,0.007600254844874144,0.01187595037156376
23,net.8.weight,0.34414756298065186,0.0007666666666666667,26.371753692626953,0.26924049854278564,0.010209427165174086
23,net.8.bias,0.34414756298065186,0.0007666666666666667,0.6153880953788757,0.008580503985285759,0.013943240127196487
23,net.10.weight,0.34414756298065186,0.0007666666666666667,4.634184837341309,0.04741430655121803,0.010231423263302598
23,net.10.bias,0.34414756298065186,0.0007666666666666667,0.10826679319143295,0.001729502691887319,0.015974452007914215
24,net.0.weight,0.3398214280605316,0.0008,26.145614624023438,0.13379794359207153,0.005117414354800964
24,net.0.bias,0.3398214280605316,0.0008,1.6102979183197021,0.0035814126022160053,0.002224068330134279
24,net.2.weight,0.3398214280605316,0.0008,26.2337703704834,0.17122219502925873,0.0065267856130168484
24,net.2.bias,0.3398214280605316,0.0008,0.5782172083854675,0.002660815604031086,0.004601757895550659
24,net.4.weight,0.3398214280605316,0.0008,26.298341751098633,0.23124118149280548,0.008792994770597853
24,net.4.bias,0.3398214280605316,0.0008,0.587385356426239,0.004914816468954086,0.008367277827381904
24,net.6.weight,0.3398214280605316,0.0008,26.359865188598633,0.255859911441803,0.009706419574272688
24,net.6.bias,0.3398214280605316,0.0008,0.6446146368980408,0.008239645510911942,0.012782281132432948
24,net.8.weight,0.3398214280605316,0.0008,26.396360397338867,0.28993186354637146,0.010983781823785099
24,net.8.bias,0.3398214280605316,0.0008,0.6198326945304871,0.008966242894530296,0.014465585590514996
24,net.10.weight,0.3398214280605316,0.0008,4.635869026184082,0.048600394278764725,0.010483556374061136
24,net.10.bias,0.3398214280605316,0.0008,0.1086312010884285,0.0017652589594945312,0.016250017875228742
25,net.0.weight,0.3443060517311096,0.0008333333333333334,26.142990112304688,0.1384974718093872,0.005297690555457954
25,net.0.bias,0.3443060517311096,0.0008333333333333334,1.610539436340332,0.003391140839084983,0.0021055931711866397
25,net.2.weight,0.3443060517311096,0.0008333333333333334,26.244522094726562,0.1728004813194275,0.0065842494938838725
25,net.2.bias,0.3443060517311096,0.0008333333333333334,0.5781801342964172,0.002477846574038267,0.004285596178522354
25,net.4.weight,0.3443060517311096,0.0008333333333333334,26.31565284729004,0.2276846170425415,0.008652060367409363
25,net.4.bias,0.3443060517311096,0.0008333333333333334,0.5887710452079773,0.00450714398175478,0.007655172614955407
25,net.6.weight,0.3443060517311096,0.0008333333333333334,26.383228302001953,0.25272125005722046,0.009578859992582638
25,net.6.bias,0.3443060517311096,0.0008333333333333334,0.6496207118034363,0.007804527413100004,0.01201397564962725
25,net.8.weight,0.3443060517311096,0.0008333333333333334,26.42535972595215,0.28869175910949707,0.01092479959037133
25,net.8.bias,0.3443060517311096,0.0008333333333333334,0.62459397315979,0.008661932311952114,0.01386810101309788
25,net.10.weight,0.3443060517311096,0.0008333333333333334,4.638636112213135,0.05057668685913086,0.010903352976097163
25,net.10.bias,0.3443060517311096,0.0008333333333333334,0.10900495946407318,0.0017427026759833097,0.015987370524711633
26,net.0.weight,0.3458576202392578,0.0008666666666666667,26.14174461364746,0.14291417598724365,0.005466895117345551
26,net.0.bias,0.3458576202392578,0.0008666666666666667,1.6107677221298218,0.003545900108292699,0.0022013727116434686
26,net.2.weight,0.3458576202392578,0.0008666666666666667,26.25653839111328,0.17786487936973572,0.006774117620544199
26,net.2.bias,0.3458576202392578,0.0008666666666666667,0.5781201720237732,0.0027481617871671915,0.004753616843271442
26,net.4.weight,0.3458576202392578,0.0008666666666666667,26.335330963134766,0.2108585238456726,0.008006678334167915
26,net.4.bias,0.3458576202392578,0.0008666666666666667,0.5900198817253113,0.0033853119239211082,0.005737623474690245
26,net.6.weight,0.3458576202392578,0.0008666666666666667,26.408987045288086,0.22941510379314423,0.00868700883527741
26,net.6.bias,0.3458576202392578,0.0008666666666666667,0.6543384790420532,0.006516807246953249,0.009959382575962532
26,net.8.weight,0.3458576202392578,0.0008666666666666667,26.45688819885254,0.2648968994617462,0.0100123981879787
26,net.8.bias,0.3458576202392578,0.0008666666666666667,0.6292548775672913,0.007723676972091198,0.012274321975780383
26,net.10.weight,0.3458576202392578,0.0008666666666666667,4.642175674438477,0.045645494014024734,0.009832780406257692
26,net.10.bias,0.3458576202392578,0.0008666666666666667,0.10937560349702835,0.0015150075778365135,0.013851421426695718
27,net.0.weight,0.34279730916023254,0.0009000000000000001,26.137676239013672,0.15345333516597748,0.005870963193618936
27,net.0.bias,0.34279730916023254,0.0009000000000000001,1.6109837293624878,0.004394135903567076,0.0027276103560064883
27,net.2.weight,0.34279730916023254,0.0009000000000000001,26.267763137817383,0.23002839088439941,0.008757060495692925
27,net.2.bias,0.34279730916023254,0.0009000000000000001,0.5779112577438354,0.004688813351094723,0.00811337949947513
27,net.4.weight,0.34279730916023254,0.0009000000000000001,26.35485076904297,0.23660847544670105,0.008977796061916123
27,net.4.bias,0.34279730916023254,0.0009000000000000001,0.5906763672828674,0.0037829969078302383,0.006404517122010756
27,net.6.weight,0.34279730916023254,0.0009000000000000001,26.433876037597656,0.22286628186702728,0.008431085987920887
27,net.6.bias,0.34279730916023254,0.0009000000000000001,0.6581169366836548,0.005162693560123444,0.00784464473158675
27,net.8.weight,0.34279730916023254,0.0009000000000000001,26.487165451049805,0.2593957483768463,0.00979326190476019
27,net.8.bias,0.34279730916023254,0.0009000000000000001,0.6331934928894043,0.006706989370286465,0.010592322008365821
27,net.10.weight,0.34279730916023254,0.0009000000000000001,4.645207405090332,0.044428229331970215,0.009564315531591695
27,net.10.bias,0.34279730916023254,0.0009000000000000001,0.10968926548957825,0.001264805905520916,0.011530808414804156
28,net.0.weight,0.3343638479709625,0.0009333333333333333,26.127948760986328,0.1593688726425171,0.0060995554645484895
28,net.0.bias,0.3343638479709625,0.0009333333333333333,1.611189603805542,0.005186417140066624,0.0032189986379111365
28,net.2.weight,0.3343638479709625,0.0009333333333333333,26.27717399597168,0.29479995369911194,0.01121886066379532
28,net.2.bias,0.3343638479709625,0.0009333333333333333,0.577459990978241,0.006621288135647774,0.011466228377884743
28,net.4.weight,0.3343638479709625,0.0009333333333333333,26.3726863861084,0.287456214427948,0.01089976994453486
28,net.4.bias,0.3343638479709625,0.0009333333333333333,0.5903849601745605,0.005486988928169012,0.00929391718675669
28,net.6.weight,0.3343638479709625,0.0009333333333333333,26.455543518066406,0.23134778439998627,0.008744775333835027
28,net.6.bias,0.3343638479709625,0.0009333333333333333,0.6604750156402588,0.004392575938254595,0.006650631491331235
28,net.8.weight,0.3343638479709625,0.0009333333333333333,26.513425827026367,0.25251346826553345,0.009523984939288183
28,net.8.bias,0.3343638479709625,0.0009333333333333333,0.6361064910888672,0.005742824170738459,0.00902808610065914
28,net.10.weight,0.3343638479709625,0.0009333333333333333,4.646886348724365,0.044790055602788925,0.009638724135158679
28,net.10.bias,0.3343638479709625,0.0009333333333333333,0.10999660938978195,0.0010679148836061358,0.009708616379454865
29,net.0.weight,0.3414776921272278,0.0009666666666666667,26.11569595336914,0.15686310827732086,0.006006468621682824
29,net.0.bias,0.3414776921272278,0.0009666666666666667,1.6113828420639038,0.004272765479981899,0.002651614109598699
29,net.2.weight,0.3414776921272278,0.0009666666666666667,26.28713607788086,0.2526164650917053,0.009609889199921928
29,net.2.bias,0.3414776921272278,0.0009666666666666667,0.5768783688545227,0.004901289474219084,0.008496226828458343
29,net.4.weight,0.3414776921272278,0.0009666666666666667,26.391332626342773,0.24674981832504272,0.009349653608577042
29,net.4.bias,0.3414776921272278,0.0009666666666666667,0.5893620252609253,0.0039821527898311615,0.006756717635596157
29,net.6.weight,0.3414776921272278,0.0009666666666666667,26.47599220275879,0.22017157077789307,0.008315894984851645
29,net.6.bias,0.3414776921272278,0.0009666666666666667,0.6617546081542969,0.004291942343115807,0.006485700726869866
29,net.8.weight,0.3414776921272278,0.0009666666666666667,26.5380916595459,0.23833021521568298,0.008980684002195548
29,net.8.bias,0.3414776921272278,0.0009666666666666667,0.6383044123649597,0.005643676500767469,0.008841669259119294
29,net.10.weight,0.3414776921272278,0.0009666666666666667,4.648022651672363,0.03982864320278168,0.00856894343844286
29,net.10.bias,0.3414776921272278,0.0009666666666666667,0.11024142801761627,0.0011131215142086148,0.010097125320535045
30,net.0.weight,0.3388146162033081,0.001,26.108224868774414,0.16425760090351105,0.00629141206378853
30,net.0.bias,0.3388146162033081,0.001,1.6115609407424927,0.004172401037067175,0.0025890432881457335
30,net.2.weight,0.3388146162033081,0.001,26.301618576049805,0.2220388948917389,0.008442023986079968
30,net.2.bias,0.3388146162033081,0.001,0.576478898525238,0.0033782811369746923,0.005860199125444298
30,net.4.weight,0.3388146162033081,0.001,26.414104461669922,0.24675358831882477,0.009341735915252938
30,net.4.bias,0.3388146162033081,0.001,0.5888873338699341,0.0046541811898350716,0.007903347418341701
30,net.6.weight,0.3388146162033081,0.001,26.500526428222656,0.2376537322998047,0.008967887220787701
30,net.6.bias,0.3388146162033081,0.001,0.6635632514953613,0.006578035186976194,0.009913199943113755
30,net.8.weight,0.3388146162033081,0.001,26.567251205444336,0.24484607577323914,0.00921608614605427
30,net.8.bias,0.3388146162033081,0.001,0.6408119201660156,0.006725328974425793,0.010495012284858022
30,net.10.weight,0.3388146162033081,0.001,4.650442123413086,0.04002629965543747,0.008606988022476685
30,net.10.bias,0.3388146162033081,0.001,0.1105792373418808,0.0013319913996383548,0.012045583164226402
31,net.0.weight,0.3371509313583374,0.001,26.107120513916016,0.15970489382743835,0.0061172925502186275
31,net.0.bias,0.3371509313583374,0.001,1.6117794513702393,0.004188779275864363,0.002598853876877082
31,net.2.weight,0.3371509313583374,0.001,26.31903648376465,0.24036066234111786,0.009132578333153969
31,net.2.bias,0.3371509313583374,0.001,0.5765190124511719,0.004064267501235008,0.0070496677706344164
31,net.4.weight,0.3371509313583374,0.001,26.437570571899414,0.2728080451488495,0.01031895288589104
31,net.4.bias,0.3371509313583374,0.001,0.5903494954109192,0.005747567396610975,0.009735872464175342
31,net.6.weight,0.3371509313583374,0.001,26.52989959716797,0.25209757685661316,0.009502394682395415
31,net.6.bias,0.3371509313583374,0.001,0.6674329042434692,0.007045665290206671,0.01055636491010716
31,net.8.weight,0.3371509313583374,0.001,26.603097915649414,0.26343488693237305,0.009902413913133255
31,net.8.bias,0.3371509313583374,0.001,0.6443323493003845,0.0070649804547429085,0.010964807932449857
31,net.10.weight,0.3371509313583374,0.001,4.654812335968018,0.04324851557612419,0.009291140534697883
31,net.10.bias,0.3371509313583374,0.001,0.11100675910711288,0.0014766473323106766,0.013302319103702746
32,net.0.weight,0.3352210521697998,0.001,26.110515594482422,0.1587461233139038,0.006079777426817625
32,net.0.bias,0.3352210521697998,0.001,1.6119698286056519,0.003231877228245139,0.0020049241436737694
32,net.2.weight,0.3352210521697998,0.001,26.339664459228516,0.2206336110830307,0.008376477666393668
32,net.2.bias,0.3352210521697998,0.001,0.57667475938797,0.0026607767213135958,0.004613998927467368
32,net.4.weight,0.3352210521697998,0.001,26.464725494384766,0.24231407046318054,0.009156115014856069
32,net.4.bias,0.3352210521697998,0.001,0.5921459794044495,0.003650269703939557,0.0061644760429021474
32,net.6.weight,0.3352210521697998,0.001,26.562658309936523,0.24573743343353271,0.00925123647513877
32,net.6.bias,0.3352210521697998,0.001,0.6715053915977478,0.00560655165463686,0.008349228055037503
32,net.8.weight,0.3352210521697998,0.001,26.642004013061523,0.27047663927078247,0.010152263288383954
32,net.8.bias,0.3352210521697998,0.001,0.6480095386505127,0.006705015432089567,0.01034709372651032
32,net.10.weight,0.3352210521697998,0.001,4.660280704498291,0.04525604471564293,0.009711012616034045
32,net.10.bias,0.3352210521697998,0.001,0.11140917986631393,0.001481857500039041,0.013301035891451712
33,net.0.weight,0.3361092209815979,0.001,26.113056182861328,0.15750375390052795,0.006031609352715356
33,net.0.bias,0.3361092209815979,0.001,1.6121140718460083,0.0029904572293162346,0.0018549910837834854
33,net.2.weight,0.3361092209815979,0.001,26.360872268676758,0.24056248366832733,0.009125740651388653
33,net.2.bias,0.3361092209815979,0.001,0.576677143573761,0.002788362093269825,0.004835222141786125
33,net.4.weight,0.3361092209815979,0.001,26.493732452392578,0.24774269759655,0.009350992656158456
33,net.4.bias,0.3361092209815979,0.001,0.5932113528251648,0.00267921295017004,0.004516455960275049
33,net.6.weight,0.3361092209815979,0.001,26.595504760742188,0.2598778009414673,0.00977149346400354
33,net.6.bias,0.3361092209815979,0.001,0.6744455099105835,0.004267715848982334,0.006327740026837956
33,net.8.weight,0.3361092209815979,0.001,26.679964065551758,0.27744048833847046,0.010398832909100203
33,net.8.bias,0.3361092209815979,0.001,0.6510709524154663,0.005882191937416792,0.00903464041145427
33,net.10.weight,0.3361092209815979,0.001,4.6653618812561035,0.04435614496469498,0.009507546486994598
33,net.10.bias,0.3361092209815979,0.001,0.11173849552869797,0.0013262303546071053,0.011869055049756666
34,net.0.weight,0.336631715297699,0.001,26.11385154724121,0.162854865193367,0.006236340315359254
34,net.0.bias,0.336631715297699,0.001,1.6122148036956787,0.003301420481875539,0.0020477547249334862
34,net.2.weight,0.336631715297699,0.001,26.382314682006836,0.2879137396812439,0.010913134163986215
34,net.2.bias,0.336631715297699,0.001,0.5764696598052979,0.004089370369911194,0.007093817168612786
34,net.4.weight,0.336631715297699,0.001,26.523988723754883,0.27992698550224304,0.010553728868521968
34,net.4.bias,0.336631715297699,0.001,0.5933904051780701,0.003885870100930333,0.006548589372226579
34,net.6.weight,0.336631715297699,0.001,26.628202438354492,0.2862938642501831,0.010751528005428324
34,net.6.bias,0.336631715297699,0.001,0.6760014295578003,0.0039945729076862335,0.005909119024051834
34,net.8.weight,0.336631715297699,0.001,26.716575622558594,0.29668310284614563,0.011104832709010665
34,net.8.bias,0.336631715297699,0.001,0.653332531452179,0.005618738010525703,0.008600119755305603
34,net.10.weight,0.336631715297699,0.001,4.670123100280762,0.04433209449052811,0.009492703626562418
34,net.10.bias,0.336631715297699,0.001,0.11199871450662613,0.0011429841397330165,0.010205332666254795
35,net.0.weight,0.33859726786613464,0.001,26.1154842376709,0.16822093725204468,0.0064414251606864864
35,net.0.bias,0.33859726786613464,0.001,1.6122581958770752,0.0025203004479408264,0.0015632114349834472
35,net.2.weight,0.33859726786613464,0.001,26.40620231628418,0.30006977915763855,0.01136360978998451
35,net.2.bias,0.33859726786613464,0.001,0.5761119723320007,0.0038216733373701572,0.006633560003796988
35,net.4.weight,0.33859726786613464,0.001,26.557588577270508,0.2957071363925934,0.01113456274586904
35,net.4.bias,0.33859726786613464,0.001,0.5928791761398315,0.00364318466745317,0.006144902391704037
35,net.6.weight,0.33859726786613464,0.001,26.663183212280273,0.29651519656181335,0.011120772572467913
35,net.6.bias,0.33859726786613464,0.001,0.6765811443328857,0.003775254590436816,0.005579899206560429
35,net.8.weight,0.33859726786613464,0.001,26.75436782836914,0.30613574385643005,0.01144245851071156
35,net.8.bias,0.33859726786613464,0.001,0.6550010442733765,0.005448047071695328,0.008317615856229822
35,net.10.weight,0.33859726786613464,0.001,4.675130367279053,0.045761846005916595,0.009788357203084842
35,net.10.bias,0.33859726786613464,0.001,0.11217071861028671,0.0010840559843927622,0.009664340193442854
36,net.0.weight,0.32182976603507996,0.001,26.123735427856445,0.1764274388551712,0.0067535303035967
36,net.0.bias,0.32182976603507996,0.001,1.6122421026229858,0.0016261957352980971,0.0010086547998296347
36,net.2.weight,0.32182976603507996,0.001,26.435745239257812,0.31683170795440674,0.011984973568435774
36,net.2.bias,0.32182976603507996,0.001,0.5758662819862366,0.0041478779166936874,0.007202849075287279
36,net.4.weight,0.32182976603507996,0.001,26.59747314453125,0.32083746790885925,0.012062704835358661
36,net.4.bias,0.32182976603507996,0.001,0.5926793813705444,0.004403640516102314,0.007430055194292558
36,net.6.weight,0.32182976603507996,0.001,26.7047119140625,0.3084363043308258,0.011549883231221287
36,net.6.bias,0.32182976603507996,0.001,0.6774156093597412,0.004788623657077551,0.0070689597212020465
36,net.8.weight,0.32182976603507996,0.001,26.798479080200195,0.31225913763046265,0.01165212162585646
36,net.8.bias,0.32182976603507996,0.001,0.6567625403404236,0.005457996856421232,0.008310457008696258
36,net.10.weight,0.32182976603507996,0.001,4.68189001083374,0.04265347495675087,0.009110311190150159
36,net.10.bias,0.32182976603507996,0.001,0.11224772781133652,0.001053722109645605,0.009387469396411104
37,net.0.weight,0.32271808385849,0.001,26.140958786010742,0.19257692992687225,0.007366865595990658
37,net.0.bias,0.32271808385849,0.001,1.6121642589569092,0.001655030995607376,0.0010265895589809206
37,net.2.weight,0.32271808385849,0.001,26.47247314453125,0.3660660684108734,0.013828177911911349
37,net.2.bias,0.32271808385849,0.001,0.5758618712425232,0.005460944026708603,0.00948307970959365
37,net.4.weight,0.32271808385849,0.001,26.644872665405273,0.36340025067329407,0.013638655933421654
37,net.4.bias,0.32271808385849,0.001,0.5934670567512512,0.0054542594589293,0.009190500798455315
37,net.6.weight,0.32271808385849,0.001,26.754764556884766,0.34143853187561035,0.012761784210422008
37,net.6.bias,0.32271808385849,0.001,0.6792508363723755,0.005567885469645262,0.008197097701610872
37,net.8.weight,0.32271808385849,0.001,26.85135269165039,0.3399730324745178,0.012661300023824673
37,net.8.bias,0.32271808385849,0.001,0.6592022776603699,0.0057168807834386826,0.008672422679922989
37,net.10.weight,0.32271808385849,0.001,4.69118595123291,0.04297204688191414,0.009160167029964028
37,net.10.bias,0.32271808385849,0.001,0.1123894676566124,0.0010000927140936255,0.008898455833506081
38,net.0.weight,0.3211921751499176,0.001,26.166372299194336,0.21456864476203918,0.008200167845530721
38,net.0.bias,0.3211921751499176,0.001,1.6119818687438965,0.0016746281180530787,0.0010388628746537936
38,net.2.weight,0.3211921751499176,0.001,26.517606735229492,0.39006271958351135,0.014709574792256819
38,net.2.bias,0.3211921751499176,0.001,0.5760087966918945,0.004889569245278835,0.008488705855466738
38,net.4.weight,0.3211921751499176,0.001,26.701749801635742,0.3819633424282074,0.014304805687483763
38,net.4.bias,0.3211921751499176,0.001,0.5946537256240845,0.005102565977722406,0.00858073490142066
38,net.6.weight,0.3211921751499176,0.001,26.814279556274414,0.3755701780319214,0.01400634976016127
38,net.6.bias,0.3211921751499176,0.001,0.6813962459564209,0.005202021449804306,0.007634355898897929
38,net.8.weight,0.3211921751499176,0.001,26.912986755371094,0.38713884353637695,0.014384833874267585
38,net.8.bias,0.3211921751499176,0.001,0.6618266105651855,0.00566202262416482,0.008555145008946642
38,net.10.weight,0.3211921751499176,0.001,4.702663898468018,0.04947870224714279,0.010521420053697952
38,net.10.bias,0.3211921751499176,0.001,0.1125439777970314,0.0009929597144946456,0.008822859596143021
39,net.0.weight,0.30973976850509644,0.001,26.196121215820312,0.2417137324810028,0.009227081005222541
39,net.0.bias,0.30973976850509644,0.001,1.6117256879806519,0.002472535241395235,0.0015340918493972138
39,net.2.weight,0.30973976850509644,0.001,26.570871353149414,0.45293617248535156,0.01704634245770286
39,net.2.bias,0.30973976850509644,0.001,0.5761027336120605,0.006224372889846563,0.010804275915895877
39,net.4.weight,0.30973976850509644,0.001,26.766969680786133,0.449700266122818,0.016800566948212366
39,net.4.bias,0.30973976850509644,0.001,0.5951247215270996,0.007089737802743912,0.011913028557361103
39,net.6.weight,0.30973976850509644,0.001,26.881305694580078,0.4346153438091278,0.016167940231294524
39,net.6.bias,0.30973976850509644,0.001,0.6828094124794006,0.0060635581612586975,0.00888030840002755
39,net.8.weight,0.30973976850509644,0.001,26.981956481933594,0.441398948431015,0.016359041596059356
39,net.8.bias,0.30973976850509644,0.001,0.6636568307876587,0.00619883555918932,0.009340423049412834
39,net.10.weight,0.30973976850509644,0.001,4.715559959411621,0.05833971127867699,0.01237174625724752
39,net.10.bias,0.30973976850509644,0.001,0.11278146505355835,0.0010763444006443024,0.00954362846885489
40,net.0.weight,0.30184146761894226,0.001,26.23149299621582,0.27153414487838745,0.010351455973838745
40,net.0.bias,0.30184146761894226,0.001,1.611366629600525,0.003933504223823547,0.0024410982277811633
40,net.2.weight,0.30184146761894226,0.001,26.633474349975586,0.4980388879776001,0.01869973408024615
40,net.2.bias,0.30184146761894226,0.001,0.5761368274688721,0.007425541058182716,0.012888502703090802
40,net.4.weight,0.30184146761894226,0.001,26.841615676879883,0.47160032391548157,0.017569744295299485
40,net.4.bias,0.30184146761894226,0.001,0.5948026180267334,0.007458886131644249,0.012540103062069928
40,net.6.weight,0.30184146761894226,0.001,26.957124710083008,0.4632038176059723,0.01718298307358856
40,net.6.bias,0.30184146761894226,0.001,0.6832110285758972,0.006745874881744385,0.009873779256470231
40,net.8.weight,0.30184146761894226,0.001,27.059865951538086,0.4783640205860138,0.017677989293913097
40,net.8.bias,0.30184146761894226,0.001,0.6648339033126831,0.006495280656963587,0.009769779526283788
40,net.10.weight,0.30184146761894226,0.001,4.7306227684021,0.06079942733049393,0.012852309369624634
40,net.10.bias,0.30184146761894226,0.001,0.11313354223966599,0.0010482041398063302,0.00926519331981826
41,net.0.weight,0.291394978761673,0.001,26.281856536865234,0.29356199502944946,0.011169758674303457
41,net.0.bias,0.291394978761673,0.001,1.610765814781189,0.005921375937759876,0.003676124662829558
41,net.2.weight,0.291394978761673,0.001,26.710187911987305,0.5258038640022278,0.019685517216681634
41,net.2.bias,0.291394978761673,0.001,0.5764628052711487,0.008721470832824707,0.015129286318346976
41,net.4.weight,0.291394978761673,0.001,26.930614471435547,0.49073442816734314,0.018222177168955786
41,net.4.bias,0.291394978761673,0.001,0.595371425151825,0.008402778767049313,0.01411350698415956
41,net.6.weight,0.291394978761673,0.001,27.047801971435547,0.47914251685142517,0.017714656346472613
41,net.6.bias,0.291394978761673,0.001,0.6843200325965881,0.006928232964128256,0.010124258583867151
41,net.8.weight,0.291394978761673,0.001,27.15347671508789,0.4916156530380249,0.018105072075903176
41,net.8.bias,0.291394978761673,0.001,0.6666216254234314,0.006159390322864056,0.009239709736316569
41,net.10.weight,0.291394978761673,0.001,4.74966287612915,0.06280248612165451,0.013222514473034953
41,net.10.bias,0.291394978761673,0.001,0.11356101930141449,0.0009907751809805632,0.008724606269611234
42,net.0.weight,0.3153820037841797,0.001,26.330371856689453,0.3440868854522705,0.013068060235725548
42,net.0.bias,0.3153820037841797,0.001,1.6102569103240967,0.014803615398705006,0.009193325179225892
42,net.2.weight,0.3153820037841797,0.001,26.787179946899414,0.7347850799560547,0.027430475377125514
42,net.2.bias,0.3153820037841797,0.001,0.5768068432807922,0.014210306107997894,0.024636160741734216
42,net.4.weight,0.3153820037841797,0.001,27.017038345336914,0.6334854960441589,0.023447629157083285
42,net.4.bias,0.3153820037841797,0.001,0.5961977243423462,0.012294034473598003,0.020620733645300822
42,net.6.weight,0.3153820037841797,0.001,27.136091232299805,0.6030722856521606,0.022223992412522924
42,net.6.bias,0.3153820037841797,0.001,0.6857863068580627,0.009844624437391758,0.014355236228753253
42,net.8.weight,0.3153820037841797,0.001,27.246431350708008,0.6051344871520996,0.02220967874151985
42,net.8.bias,0.3153820037841797,0.001,0.6682983636856079,0.007616671267896891,0.01139711195145175
42,net.10.weight,0.3153820037841797,0.001,4.7686944007873535,0.0951075628399849,0.019944151343454047
42,net.10.bias,0.3153820037841797,0.001,0.113910973072052,0.0013644506689161062,0.011978219763367761
43,net.0.weight,0.3597992956638336,0.001,26.33479881286621,0.360067754983902,0.013672698149035645
43,net.0.bias,0.3597992956638336,0.001,1.6099196672439575,0.017306901514530182,0.010750164661419469
43,net.2.weight,0.3597992956638336,0.001,26.827667236328125,0.726037323474884,0.027063006152534045
43,net.2.bias,0.3597992956638336,0.001,0.5768445730209351,0.014156588353216648,0.024541425914919496
43,net.4.weight,0.3597992956638336,0.001,27.0695858001709,0.617622435092926,0.02281610216174888
43,net.4.bias,0.3597992956638336,0.001,0.5953779816627502,0.010838925838470459,0.018205117038758968
43,net.6.weight,0.3597992956638336,0.001,27.189334869384766,0.6436575055122375,0.023673161134846184
43,net.6.bias,0.3597992956638336,0.001,0.6858722567558289,0.009692304767668247,0.014131355616442022
43,net.8.weight,0.3597992956638336,0.001,27.30870819091797,0.7460638284683228,0.027319630912327097
43,net.8.bias,0.3597992956638336,0.001,0.6697496771812439,0.00879423227161169,0.013130625622133513
43,net.10.weight,0.3597992956638336,0.001,4.777967929840088,0.13002772629261017,0.027214022404910117
43,net.10.bias,0.3597992956638336,0.001,0.11421824246644974,0.0015568339731544256,0.013630344326229038
44,net.0.weight,0.2909581959247589,0.001,26.28099822998047,0.34388458728790283,0.01308491345262567
44,net.0.bias,0.2909581959247589,0.001,1.6103848218917847,0.015552843920886517,0.009657843087850242
44,net.2.weight,0.2909581959247589,0.001,26.8411922454834,0.5915693044662476,0.022039606104523605
44,net.2.bias,0.2909581959247589,0.001,0.5763184428215027,0.011033887974917889,0.019145470897823244
44,net.4.weight,0.2909581959247589,0.001,27.093446731567383,0.6176183819770813,0.02279585864789494
44,net.4.bias,0.2909581959247589,0.001,0.5943236351013184,0.01203816756606102,0.020255239494234134
44,net.6.weight,0.2909581959247589,0.001,27.22022247314453,0.6762233972549438,0.02484268443882506
44,net.6.bias,0.2909581959247589,0.001,0.6875491738319397,0.012779368087649345,0.018586842329292152
44,net.8.weight,0.2909581959247589,0.001,27.350873947143555,0.7127466201782227,0.026059372784782982
44,net.8.bias,0.2909581959247589,0.001,0.6708235740661621,0.009549827314913273,0.014235974530572163
44,net.10.weight,0.2909581959247589,0.001,4.780214309692383,0.12295697629451752,0.025722063557947483
44,net.10.bias,0.2909581959247589,0.001,0.1145896390080452,0.0015431665815412998,0.013466894519433437
45,net.0.weight,0.2759557366371155,0.001,26.239248275756836,0.32879456877708435,0.012530639800411764
45,net.0.bias,0.2759557366371155,0.001,1.6110867261886597,0.013954885303974152,0.008661784047459169
45,net.2.weight,0.2759557366371155,0.001,26.87107276916504,0.5569761395454407,0.020727722496609036
45,net.2.bias,0.2759557366371155,0.001,0.5767015218734741,0.010094827972352505,0.01750442402086684
45,net.4.weight,0.2759557366371155,0.001,27.13029670715332,0.5613723397254944,0.020691713982526404
45,net.4.bias,0.2759557366371155,0.001,0.5967583656311035,0.010062451474368572,0.016861852391004184
45,net.6.weight,0.2759557366371155,0.001,27.268505096435547,0.6175636649131775,0.022647507178305257
45,net.6.bias,0.2759557366371155,0.001,0.6945775151252747,0.011014728806912899,0.015858170711049106
45,net.8.weight,0.2759557366371155,0.001,27.41560935974121,0.6668761968612671,0.024324689927941186
45,net.8.bias,0.2759557366371155,0.001,0.6736237406730652,0.009106612764298916,0.013518841772411189
45,net.10.weight,0.2759557366371155,0.001,4.788145542144775,0.11495264619588852,0.02400775941000266
45,net.10.bias,0.2759557366371155,0.001,0.11485477536916733,0.0015313054900616407,0.01333253654573529
46,net.0.weight,0.2732608914375305,0.001,26.211008071899414,0.3164609968662262,0.012073591217786896
46,net.0.bias,0.2732608914375305,0.001,1.6117219924926758,0.012044367380440235,0.007472980722818405
46,net.2.weight,0.2732608914375305,0.001,26.914979934692383,0.5030620694160461,0.01869078374335395
46,net.2.bias,0.2732608914375305,0.001,0.5771285891532898,0.008536689914762974,0.014791660082698768
46,net.4.weight,0.2732608914375305,0.001,27.182254791259766,0.5175880193710327,0.019041393855871697
46,net.4.bias,0.2732608914375305,0.001,0.5986210107803345,0.008246205747127533,0.013775336312332511
46,net.6.weight,0.2732608914375305,0.001,27.334205627441406,0.5749459266662598,0.021033935812974896
46,net.6.bias,0.2732608914375305,0.001,0.7005049586296082,0.009212362580001354,0.013151031218998677
46,net.8.weight,0.2732608914375305,0.001,27.499286651611328,0.6303545236587524,0.022922577288811842
46,net.8.bias,0.2732608914375305,0.001,0.6760602593421936,0.008412802591919899,0.012443864989351027
46,net.10.weight,0.2732608914375305,0.001,4.801065921783447,0.10739602148532867,0.022369203679968298
46,net.10.bias,0.2732608914375305,0.001,0.11501801013946533,0.0014572523068636656,0.012669774977820179
47,net.0.weight,0.2707560062408447,0.001,26.1956844329834,0.30826881527900696,0.011767923684821185
47,net.0.bias,0.2707560062408447,0.001,1.6122639179229736,0.010279743000864983,0.006375967908596526
47,net.2.weight,0.2707560062408447,0.001,26.97044563293457,0.4505811631679535,0.016706478242900547
47,net.2.bias,0.2707560062408447,0.001,0.5774722695350647,0.006678194738924503,0.01156452888084351
47,net.4.weight,0.2707560062408447,0.001,27.2463321685791,0.500872790813446,0.01838312723027947
47,net.4.bias,0.2707560062408447,0.001,0.5999751687049866,0.00687785679474473,0.01146356908335091
47,net.6.weight,0.2707560062408447,0.001,27.415084838867188,0.5496290326118469,0.020048416258505293
47,net.6.bias,0.2707560062408447,0.001,0.7051337361335754,0.008258754387497902,0.011712323442050464
47,net.8.weight,0.2707560062408447,0.001,27.599708557128906,0.6053968071937561,0.021934898549404582
47,net.8.bias,0.2707560062408447,0.001,0.6783443689346313,0.007960354909300804,0.01173497602965715
47,net.10.weight,0.2707560062408447,0.001,4.818511486053467,0.10163512080907822,0.021092638484570887
47,net.10.bias,0.2707560062408447,0.001,0.11514070630073547,0.0013908701948821545,0.012079743468390294
48,net.0.weight,0.26385498046875,0.001,26.19133186340332,0.3002883791923523,0.011465181715785132
48,net.0.bias,0.26385498046875,0.001,1.6127294301986694,0.00915573164820671,0.0056771653550582455
48,net.2.weight,0.26385498046875,0.001,27.033754348754883,0.43430525064468384,0.016065295446641766
48,net.2.bias,0.26385498046875,0.001,0.5777016282081604,0.006106259301304817,0.01056991880089453
48,net.4.weight,0.26385498046875,0.001,27.319982528686523,0.5064902305603027,0.018539185741736033
48,net.4.bias,0.26385498046875,0.001,0.6013901829719543,0.006445453502237797,0.010717590151514626
48,net.6.weight,0.26385498046875,0.001,27.508827209472656,0.533187985420227,0.019382432459229812
48,net.6.bias,0.26385498046875,0.001,0.709195613861084,0.008029656484723091,0.011322202686797674
48,net.8.weight,0.26385498046875,0.001,27.714448928833008,0.5832599401473999,0.02104533781801447
48,net.8.bias,0.26385498046875,0.001,0.6808359622955322,0.0077207135036587715,0.011340049485087895
48,net.10.weight,0.26385498046875,0.001,4.839808464050293,0.0968397855758667,0.020009011987805886
48,net.10.bias,0.26385498046875,0.001,0.11525221914052963,0.0013020909391343594,0.011297751564737252
49,net.0.weight,0.26312533020973206,0.001,26.195226669311523,0.29191842675209045,0.011143954982228936
49,net.0.bias,0.26312533020973206,0.001,1.6132034063339233,0.008902272209525108,0.005518381733247092
49,net.2.weight,0.26312533020973206,0.001,27.102399826049805,0.43863603472709656,0.016184398338980156
49,net.2.bias,0.26312533020973206,0.001,0.5778799057006836,0.006891544908285141,0.011925565918283821
49,net.4.weight,0.26312533020973206,0.001,27.401844024658203,0.47605660557746887,0.017373159454125715
49,net.4.bias,0.26312533020973206,0.001,0.6028689742088318,0.006105124019086361,0.010126784227200198
49,net.6.weight,0.26312533020973206,0.001,27.611997604370117,0.5073146224021912,0.018372977923259672
49,net.6.bias,0.26312533020973206,0.001,0.7131361365318298,0.006524053402245045,0.009148398276342083
49,net.8.weight,0.26312533020973206,0.001,27.839584350585938,0.5515012145042419,0.01980996582273451
49,net.8.bias,0.26312533020973206,0.001,0.683262050151825,0.006960215047001839,0.010186743205561084
49,net.10.weight,0.26312533020973206,0.001,4.8640642166137695,0.08961272239685059,0.01842342502197402
49,net.10.bias,0.26312533020973206,0.001,0.11530604958534241,0.0010152069153264165,0.00880445491782305
50,net.0.weight,0.26127344369888306,0.001,26.199007034301758,0.29056501388549805,0.011090688036575888
50,net.0.bias,0.26127344369888306,0.001,1.6135460138320923,0.008005072362720966,0.0049611676977896115
50,net.2.weight,0.26127344369888306,0.001,27.17091941833496,0.4096285402774811,0.015075991134884578
50,net.2.bias,0.26127344369888306,0.001,0.5779269337654114,0.005270867142826319,0.009120300222875298
50,net.4.weight,0.26127344369888306,0.001,27.484512329101562,0.5179089903831482,0.01884366672334106
50,net.4.bias,0.26127344369888306,0.001,0.602898895740509,0.007670271676033735,0.012722318336000174
50,net.6.weight,0.26127344369888306,0.001,27.714378356933594,0.4786495268344879,0.01727080148325749
50,net.6.bias,0.26127344369888306,0.001,0.715269923210144,0.009579622186720371,0.013393016923914342
50,net.8.weight,0.26127344369888306,0.001,27.96510124206543,0.5199047923088074,0.01859120007499778
50,net.8.bias,0.26127344369888306,0.001,0.6845147013664246,0.00723577244207263,0.010570660392871942
50,net.10.weight,0.26127344369888306,0.001,4.887960910797119,0.0844968631863594,0.017286730546415073
50,net.10.bias,0.26127344369888306,0.001,0.11538952589035034,0.000969384447671473,0.008400974353535666
51,net.0.weight,0.2684635519981384,0.001,26.207826614379883,0.2872661352157593,0.010961081948632101
51,net.0.bias,0.2684635519981384,0.001,1.6139956712722778,0.009970701299607754,0.00617765058300811
51,net.2.weight,0.2684635519981384,0.001,27.239219665527344,0.44247162342071533,0.0162439170010691
51,net.2.bias,0.2684635519981384,0.001,0.5783801078796387,0.00719265965744853,0.012435869697899997
51,net.4.weight,0.2684635519981384,0.001,27.56439971923828,0.4369257092475891,0.015851087406145888
51,net.4.bias,0.2684635519981384,0.001,0.6054670810699463,0.006375512108206749,0.010529907087500635
51,net.6.weight,0.2684635519981384,0.001,27.815574645996094,0.4567840099334717,0.016421879315702843
51,net.6.bias,0.2684635519981384,0.001,0.7210665345191956,0.006721054669469595,0.009320990987261902
51,net.8.weight,0.2684635519981384,0.001,28.090709686279297,0.5182424187660217,0.018448890204406387
51,net.8.bias,0.2684635519981384,0.001,0.6873911023139954,0.0063622985035181046,0.009255718443402039
51,net.10.weight,0.2684635519981384,0.001,4.912245273590088,0.08517995476722717,0.017340330138884506
51,net.10.bias,0.2684635519981384,0.001,0.11562780290842056,0.0007150562014430761,0.006184119938778171
52,net.0.weight,0.25448864698410034,0.001,26.199674606323242,0.2854088842868805,0.010893604160182875
52,net.0.bias,0.25448864698410034,0.001,1.6146992444992065,0.009361101314425468,0.005797427196622478
52,net.2.weight,0.25448864698410034,0.001,27.2943115234375,0.4259064197540283,0.015604219193743152
52,net.2.bias,0.25448864698410034,0.001,0.5781720876693726,0.0065562487579882145,0.011339614792572627
52,net.4.weight,0.25448864698410034,0.001,27.630922317504883,0.4139901101589203,0.014982855273587706
52,net.4.bias,0.25448864698410034,0.001,0.6054269671440125,0.00587746687233448,0.009707970062946356
52,net.6.weight,0.25448864698410034,0.001,27.897384643554688,0.43829092383384705,0.015710824847343107
52,net.6.bias,0.25448864698410034,0.001,0.7222074270248413,0.005785430781543255,0.008010760572452902
52,net.8.weight,0.25448864698410034,0.001,28.19430923461914,0.49977728724479675,0.017726175984163917
52,net.8.bias,0.25448864698410034,0.001,0.6877053380012512,0.0057899439707398415,0.008419222086551999
52,net.10.weight,0.25448864698410034,0.001,4.929173469543457,0.08344763517379761,0.016929336264874154
52,net.10.bias,0.25448864698410034,0.001,0.11561665683984756,0.000717700575478375,0.006207588033552426
53,net.0.weight,0.2542973756790161,0.001,26.191797256469727,0.2862550616264343,0.010929187440763558
53,net.0.bias,0.2542973756790161,0.001,1.6154292821884155,0.009716920554637909,0.006015070211847612
53,net.2.weight,0.2542973756790161,0.001,27.348526000976562,0.4526016414165497,0.01654939799682031
53,net.2.bias,0.2542973756790161,0.001,0.5779596567153931,0.007186188828200102,0.012433720493641349
53,net.4.weight,0.2542973756790161,0.001,27.695005416870117,0.5118576288223267,0.018481947236252717
53,net.4.bias,0.2542973756790161,0.001,0.6052042841911316,0.009139596484601498,0.015101671821138482
53,net.6.weight,0.2542973756790161,0.001,27.97568130493164,0.4659038782119751,0.016653888537465005
53,net.6.bias,0.2542973756790161,0.001,0.7232173681259155,0.010482839308679104,0.014494728377228342
53,net.8.weight,0.2542973756790161,0.001,28.293132781982422,0.4775964915752411,0.016880297252886155
53,net.8.bias,0.2542973756790161,0.001,0.6877858638763428,0.006540008820593357,0.009508786330288968
53,net.10.weight,0.2542973756790161,0.001,4.944516181945801,0.079009048640728,0.01597912631557731
53,net.10.bias,0.2542973756790161,0.001,0.1156611293554306,0.0008969386690296233,0.0077548842383623985
54,net.0.weight,0.24710679054260254,0.001,26.189617156982422,0.2793666124343872,0.010667075076349682
54,net.0.bias,0.24710679054260254,0.001,1.6162580251693726,0.009676734916865826,0.005987122579547143
54,net.2.weight,0.24710679054260254,0.001,27.40412712097168,0.4290716052055359,0.015657189273406133
54,net.2.bias,0.24710679054260254,0.001,0.5784094929695129,0.006740258540958166,0.011653091145434285
54,net.4.weight,0.24710679054260254,0.001,27.75571632385254,0.41557207703590393,0.014972486106538426
54,net.4.bias,0.24710679054260254,0.001,0.6080800890922546,0.006323002744466066,0.010398305844720356
54,net.6.weight,0.24710679054260254,0.001,28.051822662353516,0.4150223433971405,0.014794844113787814
54,net.6.bias,0.24710679054260254,0.001,0.729748547077179,0.007641247473657131,0.010471069115878603
54,net.8.weight,0.24710679054260254,0.001,28.39059829711914,0.47103193402290344,0.01659112390282737
54,net.8.bias,0.24710679054260254,0.001,0.6900582313537598,0.005738712381571531,0.008316272628634972
54,net.10.weight,0.24710679054260254,0.001,4.9602766036987305,0.0759369432926178,0.015309013863459526
54,net.10.bias,0.24710679054260254,0.001,0.11601026356220245,0.0007997013162821531,0.00689336694639409
55,net.0.weight,0.2420147806406021,0.001,26.18218231201172,0.2714677155017853,0.010368414376873497
55,net.0.bias,0.2420147806406021,0.001,1.6171029806137085,0.009558085352182388,0.005910622555747804
55,net.2.weight,0.2420147806406021,0.001,27.455839157104492,0.4118043780326843,0.014998790445861334
55,net.2.bias,0.2420147806406021,0.001,0.5784871578216553,0.006622288841754198,0.011447598710213404
55,net.4.weight,0.2420147806406021,0.001,27.813905715942383,0.3760831952095032,0.013521409004918704
55,net.4.bias,0.2420147806406021,0.001,0.6097268462181091,0.005360663868486881,0.008791910511628162
55,net.6.weight,0.2420147806406021,0.001,28.121578216552734,0.40027475357055664,0.014233722961357468
55,net.6.bias,0.2420147806406021,0.001,0.7334901690483093,0.0058818901889026165,0.008019044340477345
55,net.8.weight,0.2420147806406021,0.001,28.478946685791016,0.4882643222808838,0.017144746526896418
55,net.8.bias,0.2420147806406021,0.001,0.6908365488052368,0.005558784119784832,0.008046453433013117
55,net.10.weight,0.2420147806406021,0.001,4.972718238830566,0.0782989114522934,0.015745696355944538
55,net.10.bias,0.2420147806406021,0.001,0.11621127277612686,0.0007824580534361303,0.006733065000875454
56,net.0.weight,0.23960505425930023,0.001,26.17180061340332,0.2657168507575989,0.010152792109440027
56,net.0.bias,0.23960505425930023,0.001,1.617948293685913,0.00906443689018488,0.005602426805330608
56,net.2.weight,0.23960505425930023,0.001,27.505258560180664,0.3938160538673401,0.014317845913198112
56,net.2.bias,0.23960505425930023,0.001,0.5782314538955688,0.006092734634876251,0.010536844016058361
56,net.4.weight,0.23960505425930023,0.001,27.869495391845703,0.3485862612724304,0.012507806703038577
56,net.4.bias,0.23960505425930023,0.001,0.6104956269264221,0.004606288392096758,0.00754516197812489
56,net.6.weight,0.23960505425930023,0.001,28.186452865600586,0.37945759296417236,0.013462410285306647
56,net.6.bias,0.23960505425930023,0.001,0.7351360321044922,0.004875801037997007,0.006632515378193245
56,net.8.weight,0.23960505425930023,0.001,28.561140060424805,0.47463104128837585,0.016618070577162962
56,net.8.bias,0.23960505425930023,0.001,0.6905974745750427,0.005058990325778723,0.007325526825726895
56,net.10.weight,0.23960505425930023,0.001,4.982832431793213,0.07329336553812027,0.014709177268428348
56,net.10.bias,0.23960505425930023,0.001,0.11613330990076065,0.0006044934852980077,0.005205168834114564
57,net.0.weight,0.23155415058135986,0.001,26.162466049194336,0.26316437125205994,0.01005885189711174
57,net.0.bias,0.23155415058135986,0.001,1.6187994480133057,0.008745898492634296,0.0054027066190119
57,net.2.weight,0.23155415058135986,0.001,27.554750442504883,0.39397281408309937,0.014297818262050826
57,net.2.bias,0.23155415058135986,0.001,0.5779666304588318,0.005981341935694218,0.010348939922268168
57,net.4.weight,0.23155415058135986,0.001,27.924175262451172,0.351457804441452,0.012586148064829229
57,net.4.bias,0.23155415058135986,0.001,0.6109743118286133,0.004908075090497732,0.008033193860161039
57,net.6.weight,0.23155415058135986,0.001,28.25005340576172,0.36292600631713867,0.01284691399001456
57,net.6.bias,0.23155415058135986,0.001,0.7359912395477295,0.005167621187865734,0.007021308013178614
57,net.8.weight,0.23155415058135986,0.001,28.642471313476562,0.4479641020298004,0.01563985513425404
57,net.8.bias,0.23155415058135986,0.001,0.6903727650642395,0.004876089282333851,0.0070629803623266174
57,net.10.weight,0.23155415058135986,0.001,4.993150234222412,0.07014947384595871,0.014049141434832704
57,net.10.bias,0.23155415058135986,0.001,0.11617428064346313,0.0007341698510572314,0.006319555817267215
58,net.0.weight,0.23292756080627441,0.001,26.156169891357422,0.26004815101623535,0.009942134192290937
58,net.0.bias,0.23292756080627441,0.001,1.619674801826477,0.008121325634419918,0.00501417051451418
58,net.2.weight,0.23292756080627441,0.001,27.605600357055664,0.370347797870636,0.013415676278743906
58,net.2.bias,0.23292756080627441,0.001,0.5778704285621643,0.005000625271350145,0.008653540697336797
58,net.4.weight,0.23292756080627441,0.001,27.978759765625,0.33015331625938416,0.011800141215159009
58,net.4.bias,0.23292756080627441,0.001,0.6113014817237854,0.004133413080126047,0.006761660496013187
58,net.6.weight,0.23292756080627441,0.001,28.313722610473633,0.3431859612464905,0.0121208350441189
58,net.6.bias,0.23292756080627441,0.001,0.7372346520423889,0.0047603328712284565,0.0064570118320411655
58,net.8.weight,0.23292756080627441,0.001,28.72490882873535,0.41112253069877625,0.014312405068019023
58,net.8.bias,0.23292756080627441,0.001,0.6906901597976685,0.00437896465882659,0.006339984140080073
58,net.10.weight,0.23292756080627441,0.001,5.004517078399658,0.06622681021690369,0.013233406776200204
58,net.10.bias,0.23292756080627441,0.001,0.11637108772993088,0.0006803643191233277,0.005846506485376235
59,net.0.weight,0.23143050074577332,0.001,26.152551651000977,0.25786906480789185,0.009860187573629055
59,net.0.bias,0.23143050074577332,0.001,1.6206210851669312,0.007521793711930513,0.004641303128026213
59,net.2.weight,0.23143050074577332,0.001,27.657285690307617,0.3694929778575897,0.013359697766259001
59,net.2.bias,0.23143050074577332,0.001,0.5779179334640503,0.0048304530791938305,0.008358372010088023
59,net.4.weight,0.23143050074577332,0.001,28.03291130065918,0.3320310115814209,0.011844328547267703
59,net.4.bias,0.23143050074577332,0.001,0.6117798686027527,0.0043023014441132545,0.007032433829408777
59,net.6.weight,0.23143050074577332,0.001,28.376564025878906,0.34369373321533203,0.012111886869104013
59,net.6.bias,0.23143050074577332,0.001,0.7393147945404053,0.005645604804158211,0.007636266507648881
59,net.8.weight,0.23143050074577332,0.001,28.806974411010742,0.40829163789749146,0.014173360661626173
59,net.8.bias,0.23143050074577332,0.001,0.6916042566299438,0.005388088524341583,0.007790710471616695
59,net.10.weight,0.23143050074577332,0.001,5.016696929931641,0.06564337015151978,0.01308497823734675
59,net.10.bias,0.23143050074577332,0.001,0.11659123003482819,0.0007904084050096571,0.006779312687356896
60,net.0.weight,0.21839943528175354,0.001,26.152271270751953,0.25409403443336487,0.009715945196604675
60,net.0.bias,0.21839943528175354,0.001,1.621437430381775,0.006744169630110264,0.004159377046404016
60,net.2.weight,0.21839943528175354,0.001,27.709911346435547,0.3642253577709198,0.013144226743178368
60,net.2.bias,0.21839943528175354,0.001,0.5779397487640381,0.004713987931609154,0.008156538707867603
60,net.4.weight,0.21839943528175354,0.001,28.087602615356445,0.32794854044914246,0.011675917839632274
60,net.4.bias,0.21839943528175354,0.001,0.6124678254127502,0.00447623198851943,0.0073085177747954965
60,net.6.weight,0.21839943528175354,0.001,28.44004249572754,0.342871755361557,0.012055950880279647
60,net.6.bias,0.21839943528175354,0.001,0.7419506907463074,0.006167414598166943,0.0083124319110254
60,net.8.weight,0.21839943528175354,0.001,28.889617919921875,0.40906521677970886,0.014159592484524457
60,net.8.bias,0.21839943528175354,0.001,0.6933275461196899,0.006260386202484369,0.009029478545200672
60,net.10.weight,0.21839943528175354,0.001,5.0299296379089355,0.066071517765522,0.013135674357661501
60,net.10.bias,0.21839943528175354,0.001,0.11682628095149994,0.0010349230142310262,0.008858648976942708
61,net.0.weight,0.2210407704114914,0.001,26.155532836914062,0.2528080940246582,0.009665568489886117
61,net.0.bias,0.2210407704114914,0.001,1.622060775756836,0.006198698654770851,0.0038214959312351327
61,net.2.weight,0.2210407704114914,0.001,27.76380157470703,0.3605741560459137,0.012987204042489578
61,net.2.bias,0.2210407704114914,0.001,0.5778378248214722,0.004743147641420364,0.008208440911402434
61,net.4.weight,0.2210407704114914,0.001,28.144027709960938,0.31917694211006165,0.01134084095564958
61,net.4.bias,0.2210407704114914,0.001,0.6132927536964417,0.004561093170195818,0.007437057005329299
61,net.6.weight,0.2210407704114914,0.001,28.505775451660156,0.33131295442581177,0.01162266064249504
61,net.6.bias,0.2210407704114914,0.001,0.7446444630622864,0.005774072837084532,0.007754133849782691
61,net.8.weight,0.2210407704114914,0.001,28.974456787109375,0.3994626998901367,0.013786719206686083
61,net.8.bias,0.2210407704114914,0.001,0.6957101225852966,0.00633084774017334,0.009099835599125057
61,net.10.weight,0.2210407704114914,0.001,5.0447773933410645,0.06581182777881622,0.013045536531638762
61,net.10.bias,0.2210407704114914,0.001,0.1170918345451355,0.00109888706356287,0.009384830870843354
62,net.0.weight,0.20965103805065155,0.001,26.160783767700195,0.24966545403003693,0.00954350054061798
62,net.0.bias,0.20965103805065155,0.001,1.6225529909133911,0.005899310111999512,0.0036358196897338844
62,net.2.weight,0.20965103805065155,0.001,27.81814956665039,0.3615374267101288,0.012996458511516366
62,net.2.bias,0.20965103805065155,0.001,0.5776256322860718,0.004860760178416967,0.008415070084718217
62,net.4.weight,0.20965103805065155,0.001,28.201435089111328,0.3150187134742737,0.011170307910887255
62,net.4.bias,0.20965103805065155,0.001,0.6139799356460571,0.004624178167432547,0.007531480914871884
62,net.6.weight,0.20965103805065155,0.001,28.573108673095703,0.3226017355918884,0.0112903968302073
62,net.6.bias,0.20965103805065155,0.001,0.7469871044158936,0.00543392775580287,0.00727445992531816
62,net.8.weight,0.20965103805065155,0.001,29.061126708984375,0.386404424905777,0.013296264414494238
62,net.8.bias,0.20965103805065155,0.001,0.6981287598609924,0.006060413550585508,0.008680939532977019
62,net.10.weight,0.20965103805065155,0.001,5.0610737800598145,0.06480655819177628,0.012804902873992554
62,net.10.bias,0.20965103805065155,0.001,0.11730673164129257,0.0010835508583113551,0.00923690263253349
63,net.0.weight,0.2075447142124176,0.001,26.166393280029297,0.2473812848329544,0.009454160616845909
63,net.0.bias,0.2075447142124176,0.001,1.6230303049087524,0.005889932159334421,0.0036289723867266644
63,net.2.weight,0.2075447142124176,0.001,27.87136459350586,0.36162084341049194,0.012974637183525312
63,net.2.bias,0.2075447142124176,0.001,0.5774475336074829,0.004973148461431265,0.0086122949220383
63,net.4.weight,0.2075447142124176,0.001,28.256744384765625,0.31586289405822754,0.011178318696492235
63,net.4.bias,0.2075447142124176,0.001,0.6145120859146118,0.004481090232729912,0.007292110823272842
63,net.6.weight,0.2075447142124176,0.001,28.638256072998047,0.3182221055030823,0.011111783646739653
63,net.6.bias,0.2075447142124176,0.001,0.7487919330596924,0.00484884949401021,0.006475563210459518
63,net.8.weight,0.2075447142124176,0.001,29.14551544189453,0.37694352865219116,0.01293315705476811
63,net.8.bias,0.2075447142124176,0.001,0.7004187703132629,0.005437255371361971,0.007762863592205208
63,net.10.weight,0.2075447142124176,0.001,5.077240943908691,0.06425996124744415,0.012656472670366103
63,net.10.bias,0.2075447142124176,0.001,0.1175275444984436,0.0009734913473948836,0.008283091011126974
64,net.0.weight,0.20351237058639526,0.001,26.17171859741211,0.24770966172218323,0.009464783934620061
64,net.0.bias,0.20351237058639526,0.001,1.6236474514007568,0.005851374939084053,0.003603845732665636
64,net.2.weight,0.20351237058639526,0.001,27.92334747314453,0.36235374212265015,0.012976730045391094
64,net.2.bias,0.20351237058639526,0.001,0.577290415763855,0.004850156605243683,0.008401588650707266
64,net.4.weight,0.20351237058639526,0.001,28.310150146484375,0.31753405928611755,0.011216261928782095
64,net.4.bias,0.20351237058639526,0.001,0.6146063208580017,0.0043955398723483086,0.007151797375289037
64,net.6.weight,0.20351237058639526,0.001,28.70049285888672,0.3161623775959015,0.011015921543591406
64,net.6.bias,0.20351237058639526,0.001,0.7499316334724426,0.004475653637200594,0.005968082205676231
64,net.8.weight,0.20351237058639526,0.001,29.226945877075195,0.36376258730888367,0.012446137507450238
64,net.8.bias,0.20351237058639526,0.001,0.7022653818130493,0.004710555076599121,0.006707656675938957
64,net.10.weight,0.20351237058639526,0.001,5.0928120613098145,0.0631912499666214,0.012407928901733183
64,net.10.bias,0.20351237058639526,0.001,0.11764276027679443,0.0008775052847340703,0.007459067457015136
65,net.0.weight,0.1990150511264801,0.001,26.176876068115234,0.24669109284877777,0.009424008128657494
65,net.0.bias,0.1990150511264801,0.001,1.6242961883544922,0.005552393849939108,0.00341833828691306
65,net.2.weight,0.1990150511264801,0.001,27.973970413208008,0.3560464084148407,0.012727775255196958
65,net.2.bias,0.1990150511264801,0.001,0.5771451592445374,0.004316232167184353,0.00747859026112971
65,net.4.weight,0.1990150511264801,0.001,28.36102867126465,0.3128993511199951,0.011032722217054992
65,net.4.bias,0.1990150511264801,0.001,0.6145210862159729,0.003848788794130087,0.006263070349350768
65,net.6.weight,0.1990150511264801,0.001,28.75922393798828,0.31147730350494385,0.010830518381739469
65,net.6.bias,0.1990150511264801,0.001,0.7508543133735657,0.0039408523589372635,0.00524849133679626
65,net.8.weight,0.1990150511264801,0.001,29.303943634033203,0.354861855506897,0.012109696221731917
65,net.8.bias,0.1990150511264801,0.001,0.7038232684135437,0.004099838901311159,0.005825097130636816
65,net.10.weight,0.1990150511264801,0.001,5.107456684112549,0.061302073299884796,0.012002465628455231
65,net.10.bias,0.1990150511264801,0.001,0.11769361048936844,0.0007360707968473434,0.006254127082912751
66,net.0.weight,0.2017437368631363,0.001,26.182132720947266,0.24758940935134888,0.009456426334332291
66,net.0.bias,0.2017437368631363,0.001,1.6248992681503296,0.005482182372361422,0.0033738598323094517
66,net.2.weight,0.2017437368631363,0.001,28.02336883544922,0.3580731451511383,0.012777662359358457
66,net.2.bias,0.2017437368631363,0.001,0.5769331455230713,0.004264989867806435,0.007392520088163108
66,net.4.weight,0.2017437368631363,0.001,28.409832000732422,0.3138629198074341,0.011047686582565589
66,net.4.bias,0.2017437368631363,0.001,0.6143116354942322,0.003975230734795332,0.006471032787124632
66,net.6.weight,0.2017437368631363,0.001,28.814943313598633,0.3088959753513336,0.010719992470210982
66,net.6.bias,0.2017437368631363,0.001,0.7516365647315979,0.004128870088607073,0.005493173539370656
66,net.8.weight,0.2017437368631363,0.001,29.37672996520996,0.34586766362190247,0.01177352496453839
66,net.8.bias,0.2017437368631363,0.001,0.7052850127220154,0.003989359363913536,0.005656379041030214
66,net.10.weight,0.2017437368631363,0.001,5.121102333068848,0.05881955847144127,0.01148572214455112
66,net.10.bias,0.2017437368631363,0.001,0.11775156110525131,0.0006293957703746855,0.005345116145102357
67,net.0.weight,0.19630931317806244,0.001,26.186880111694336,0.24772953987121582,0.009460063161956687
67,net.0.bias,0.19630931317806244,0.001,1.625459909439087,0.0048721604980528355,0.0029974042852487937
67,net.2.weight,0.19630931317806244,0.001,28.07073974609375,0.3520975112915039,0.012543221677672418
67,net.2.bias,0.19630931317806244,0.001,0.5766478180885315,0.0035179073456674814,0.0061006167635015394
67,net.4.weight,0.19630931317806244,0.001,28.455535888671875,0.3073921501636505,0.010802543004857732
67,net.4.bias,0.19630931317806244,0.001,0.6141778826713562,0.003247329732403159,0.0052872788552380855
67,net.6.weight,0.19630931317806244,0.001,28.866931915283203,0.306276798248291,0.010609953255411149
67,net.6.bias,0.19630931317806244,0.001,0.7523860335350037,0.004129553679376841,0.005488610228415037
67,net.8.weight,0.19630931317806244,0.001,29.44449234008789,0.3441920280456543,0.01168952156043954
67,net.8.bias,0.19630931317806244,0.001,0.7067881226539612,0.004104918800294399,0.005807849154115087
67,net.10.weight,0.19630931317806244,0.001,5.1334099769592285,0.0588301345705986,0.011460244717381133
67,net.10.bias,0.19630931317806244,0.001,0.11783543974161148,0.0006767231971025467,0.005742951344573919
68,net.0.weight,0.19419893622398376,0.001,26.191091537475586,0.24966776371002197,0.009532545192046856
68,net.0.bias,0.19419893622398376,0.001,1.6259701251983643,0.00490039587020874,0.0030138289715568446
68,net.2.weight,0.19419893622398376,0.001,28.11563491821289,0.36139026284217834,0.012853711605426883
68,net.2.bias,0.19419893622398376,0.001,0.5763863921165466,0.0038721919991075993,0.006718048954779337
68,net.4.weight,0.19419893622398376,0.001,28.497119903564453,0.31771406531333923,0.011148988613182597
68,net.4.bias,0.19419893622398376,0.001,0.6143932938575745,0.003972796723246574,0.006466211078416374
68,net.6.weight,0.19419893622398376,0.001,28.913938522338867,0.31023088097572327,0.010729457722822484
68,net.6.bias,0.19419893622398376,0.001,0.7535966038703918,0.004677115008234978,0.006206390772216613
68,net.8.weight,0.19419893622398376,0.001,29.506303787231445,0.34431660175323486,0.011669255635544374
68,net.8.bias,0.19419893622398376,0.001,0.7084972858428955,0.004588048905134201,0.006475746621493156
68,net.10.weight,0.19419893622398376,0.001,5.144093990325928,0.06001066043972969,0.011665933894790176
68,net.10.bias,0.19419893622398376,0.001,0.11796689033508301,0.0007748500211164355,0.006568368623734056
69,net.0.weight,0.19182249903678894,0.001,26.19460105895996,0.2499915063381195,0.009543627168645463
69,net.0.bias,0.19182249903678894,0.001,1.6265182495117188,0.004860274493694305,0.002988146302787172
69,net.2.weight,0.19182249903678894,0.001,28.158246994018555,0.3657120168209076,0.012987740923594891
69,net.2.bias,0.19182249903678894,0.001,0.5762493014335632,0.004010008182376623,0.006958807884713669
69,net.4.weight,0.19182249903678894,0.001,28.53516960144043,0.3232314884662628,0.01132747738951397
69,net.4.bias,0.19182249903678894,0.001,0.614902675151825,0.004406590014696121,0.007166321098876493
69,net.6.weight,0.19182249903678894,0.001,28.95682716369629,0.31422170996665955,0.010851386037231493
69,net.6.bias,0.19182249903678894,0.001,0.7552914023399353,0.005334003828465939,0.007062179990320152
69,net.8.weight,0.19182249903678894,0.001,29.56295394897461,0.3441590666770935,0.01164156556449362
69,net.8.bias,0.19182249903678894,0.001,0.7102580070495605,0.005025914870202541,0.007076181923073825
69,net.10.weight,0.19182249903678894,0.001,5.153469085693359,0.05968311056494713,0.011581152340786232
69,net.10.bias,0.19182249903678894,0.001,0.11814267933368683,0.0008025634451769292,0.00679317118676594
70,net.0.weight,0.18717235326766968,0.001,26.198123931884766,0.24863788485527039,0.00949067519115987
70,net.0.bias,0.18717235326766968,0.001,1.6271216869354248,0.004755261819809675,0.0029224991947380983
70,net.2.weight,0.18717235326766968,0.001,28.199623107910156,0.3631323277950287,0.012877205003962198
70,net.2.bias,0.18717235326766968,0.001,0.5761125683784485,0.0039048129692673683,0.006777864576462938
70,net.4.weight,0.18717235326766968,0.001,28.57101821899414,0.32031190395355225,0.011211077655629629
70,net.4.bias,0.18717235326766968,0.001,0.6154977679252625,0.004221397917717695,0.006858510522218959
70,net.6.weight,0.18717235326766968,0.001,28.99639129638672,0.3118848204612732,0.010755987435586083
70,net.6.bias,0.18717235326766968,0.001,0.7573058009147644,0.004906141199171543,0.00647841491936985
70,net.8.weight,0.18717235326766968,0.001,29.615936279296875,0.3406701385974884,0.011502933264873179
70,net.8.bias,0.18717235326766968,0.001,0.7120174169540405,0.004654261749237776,0.006536724577817736
70,net.10.weight,0.18717235326766968,0.001,5.161876678466797,0.057686373591423035,0.011175465278367963
70,net.10.bias,0.18717235326766968,0.001,0.11829695850610733,0.0007258097757585347,0.006135489744827744
71,net.0.weight,0.18251073360443115,0.001,26.201953887939453,0.24684228003025055,0.009420758508542756
71,net.0.bias,0.18251073360443115,0.001,1.627650499343872,0.004583214875310659,0.0028158470612445457
71,net.2.weight,0.18251073360443115,0.001,28.240331649780273,0.35652244091033936,0.012624584064086702
71,net.2.bias,0.18251073360443115,0.001,0.5759891867637634,0.003497260855510831,0.006071747414496515
71,net.4.weight,0.18251073360443115,0.001,28.60552215576172,0.3087227940559387,0.010792419462748937
71,net.4.bias,0.18251073360443115,0.001,0.6160913705825806,0.0036225407384335995,0.0058798757966827195
71,net.6.weight,0.18251073360443115,0.001,29.034719467163086,0.30332836508750916,0.010447091298077096
71,net.6.bias,0.18251073360443115,0.001,0.758898138999939,0.004032436292618513,0.005313540889601309
71,net.8.weight,0.18251073360443115,0.001,29.667102813720703,0.33277615904808044,0.011217008992673702
71,net.8.bias,0.18251073360443115,0.001,0.7134636640548706,0.0040002125315368176,0.005606750186550736
71,net.10.weight,0.18251073360443115,0.001,5.170019626617432,0.05608125776052475,0.01084739745895642
71,net.10.bias,0.18251073360443115,0.001,0.11845806986093521,0.0006276834756135941,0.005298781892617937
72,net.0.weight,0.179767906665802,0.001,26.205339431762695,0.24559535086154938,0.009371958394245056
72,net.0.bias,0.179767906665802,0.001,1.628127098083496,0.004549453966319561,0.002794286743138679
72,net.2.weight,0.179767906665802,0.001,28.280057907104492,0.36135125160217285,0.012777599423210322
72,net.2.bias,0.179767906665802,0.001,0.5758169889450073,0.003640125272795558,0.006321670500665279
72,net.4.weight,0.179767906665802,0.001,28.638113021850586,0.3104404807090759,0.010840116472485915
72,net.4.bias,0.179767906665802,0.001,0.6163765788078308,0.003681411035358906,0.005972665350911505
72,net.6.weight,0.179767906665802,0.001,29.070777893066406,0.3028056025505066,0.010416150667324521
72,net.6.bias,0.179767906665802,0.001,0.7600910663604736,0.004249261226505041,0.005590463320206722
72,net.8.weight,0.179767906665802,0.001,29.7158203125,0.3299156129360199,0.011102355898862413
72,net.8.bias,0.179767906665802,0.001,0.7144575715065002,0.004147025756537914,0.005804439510373618
72,net.10.weight,0.179767906665802,0.001,5.177538871765137,0.05581830441951752,0.0107808566583466
72,net.10.bias,0.179767906665802,0.001,0.11856459081172943,0.0006869172211736441,0.005793611874091571
73,net.0.weight,0.18097147345542908,0.001,26.209434509277344,0.24326960742473602,0.009281757198486139
73,net.0.bias,0.18097147345542908,0.001,1.6285715103149414,0.004313234705477953,0.0026484773177960345
73,net.2.weight,0.18097147345542908,0.001,28.31966209411621,0.35686516761779785,0.012601321528195118
73,net.2.bias,0.18097147345542908,0.001,0.5756219029426575,0.0037378286942839622,0.006493548412900332
73,net.4.weight,0.18097147345542908,0.001,28.67096519470215,0.3029344081878662,0.010565895013671976
73,net.4.bias,0.18097147345542908,0.001,0.6167497038841248,0.0036486529279500246,0.005915937867455442
73,net.6.weight,0.18097147345542908,0.001,29.106943130493164,0.29750922322273254,0.010221245903045533
73,net.6.bias,0.18097147345542908,0.001,0.7615176439285278,0.0037085795775055885,0.00486998509761864
73,net.8.weight,0.18097147345542908,0.001,29.764381408691406,0.32347530126571655,0.010867865749471264
73,net.8.bias,0.18097147345542908,0.001,0.715695858001709,0.003645916236564517,0.005094225704678887
73,net.10.weight,0.18097147345542908,0.001,5.185422897338867,0.054489411413669586,0.010508190458609129
73,net.10.bias,0.18097147345542908,0.001,0.11871016770601273,0.0006469243089668453,0.005449611616832702
74,net.0.weight,0.177729070186615,0.001,26.213396072387695,0.24346187710762024,0.00928768925763399
74,net.0.bias,0.177729070186615,0.001,1.628994345664978,0.0041993469931185246,0.0025778769608953388
74,net.2.weight,0.177729070186615,0.001,28.358619689941406,0.3588665723800659,0.01265458531845798
74,net.2.bias,0.177729070186615,0.001,0.5755193829536438,0.0038921029772609472,0.006762766107522122
74,net.4.weight,0.177729070186615,0.001,28.703027725219727,0.3048696517944336,0.010621515427327616
74,net.4.bias,0.177729070186615,0.001,0.6168572902679443,0.003814156400039792,0.00618320713755857
74,net.6.weight,0.177729070186615,0.001,29.142911911010742,0.29672273993492126,0.01018164351046931
74,net.6.bias,0.177729070186615,0.001,0.7619322538375854,0.0037585243117064238,0.004932885165020978
74,net.8.weight,0.177729070186615,0.001,29.811416625976562,0.32425570487976074,0.010876896893159259
74,net.8.bias,0.177729070186615,0.001,0.7165445685386658,0.003462212160229683,0.004831816906086641
74,net.10.weight,0.177729070186615,0.001,5.193230628967285,0.054515060037374496,0.010497330839361402
74,net.10.bias,0.177729070186615,0.001,0.11887116730213165,0.000639743753708899,0.005381824442615925
75,net.0.weight,0.17521996796131134,0.001,26.217702865600586,0.24295496940612793,0.009266829006781574
75,net.0.bias,0.17521996796131134,0.001,1.6294461488723755,0.004277308937162161,0.0026250078532034852
75,net.2.weight,0.17521996796131134,0.001,28.397493362426758,0.3639415502548218,0.012815974480915258
75,net.2.bias,0.17521996796131134,0.001,0.5754520893096924,0.003972409293055534,0.006903110383734646
75,net.4.weight,0.17521996796131134,0.001,28.735071182250977,0.3077485263347626,0.010709857803479259
75,net.4.bias,0.17521996796131134,0.001,0.6169846057891846,0.0037009285297244787,0.005998413080324142
75,net.6.weight,0.17521996796131134,0.001,29.17864990234375,0.2986754775047302,0.010236096546767895
75,net.6.bias,0.17521996796131134,0.001,0.7621967196464539,0.003871063468977809,0.0050788246251878486
75,net.8.weight,0.17521996796131134,0.001,29.85787010192871,0.324404776096344,0.010864967092056196
75,net.8.bias,0.17521996796131134,0.001,0.717315137386322,0.0036157367285341024,0.005040653040877885
75,net.10.weight,0.17521996796131134,0.001,5.201353549957275,0.05458027124404907,0.01049347457730448
75,net.10.bias,0.17521996796131134,0.001,0.11902128905057907,0.0006465697078965604,0.005432387038102027
76,net.0.weight,0.16839846968650818,0.001,26.222492218017578,0.2421521097421646,0.009234519271809754
76,net.0.bias,0.16839846968650818,0.001,1.6299279928207397,0.00404356699436903,0.002480825540870224
76,net.2.weight,0.16839846968650818,0.001,28.436786651611328,0.3684401512145996,0.012956462195552692
76,net.2.bias,0.16839846968650818,0.001,0.5753555297851562,0.003915585111826658,0.006805505307802949
76,net.4.weight,0.16839846968650818,0.001,28.7684326171875,0.3149009048938751,0.010946057057892677
76,net.4.bias,0.16839846968650818,0.001,0.6170687079429626,0.003677069442346692,0.005958930334685799
76,net.6.weight,0.16839846968650818,0.001,29.21530532836914,0.302302747964859,0.010347410186786988
76,net.6.bias,0.16839846968650818,0.001,0.762712836265564,0.003913490567356348,0.005131014428074652
76,net.8.weight,0.16839846968650818,0.001,29.905166625976562,0.3247305154800415,0.010858676012123284
76,net.8.bias,0.16839846968650818,0.001,0.7181123495101929,0.0037447321228682995,0.005214688377692559
76,net.10.weight,0.16839846968650818,0.001,5.2101030349731445,0.054997898638248444,0.010556009788879718
76,net.10.bias,0.16839846968650818,0.001,0.11910794675350189,0.0006208033883012831,0.005212107212175
77,net.0.weight,0.17337024211883545,0.001,26.228219985961914,0.2409728616476059,0.009187541578367934
77,net.0.bias,0.17337024211883545,0.001,1.6304757595062256,0.004089107736945152,0.0025079230482908258
77,net.2.weight,0.17337024211883545,0.001,28.476398468017578,0.36203667521476746,0.012713569646856087
77,net.2.bias,0.17337024211883545,0.001,0.5752347111701965,0.003978575114160776,0.006916437824252964
77,net.4.weight,0.17337024211883545,0.001,28.80213165283203,0.3033028244972229,0.010530568645164846
77,net.4.bias,0.17337024211883545,0.001,0.617185115814209,0.0037870360538363457,0.006135980853719025
77,net.6.weight,0.17337024211883545,0.001,29.25157356262207,0.2980163097381592,0.01018804369960347
77,net.6.bias,0.17337024211883545,0.001,0.7636714577674866,0.0034431100357323885,0.004508627369416109
77,net.8.weight,0.17337024211883545,0.001,29.952102661132812,0.31991684436798096,0.010680947778104384
77,net.8.bias,0.17337024211883545,0.001,0.7191091179847717,0.0033237263560295105,0.00462200558010432
77,net.10.weight,0.17337024211883545,0.001,5.219038009643555,0.05399780720472336,0.010346314225906789
77,net.10.bias,0.17337024211883545,0.001,0.1191568449139595,0.0005340637289918959,0.0044820230795598135
78,net.0.weight,0.16603697836399078,0.001,26.23345375061035,0.23837336897850037,0.009086617844703515
78,net.0.bias,0.16603697836399078,0.001,1.630989909172058,0.004305981565266848,0.0026401031306519237
78,net.2.weight,0.16603697836399078,0.001,28.515230178833008,0.36494696140289307,0.012798317219048611
78,net.2.bias,0.16603697836399078,0.001,0.5751226544380188,0.004387981258332729,0.0076296442584416115
78,net.4.weight,0.16603697836399078,0.001,28.83347511291504,0.30456972122192383,0.010563059777886486
78,net.4.bias,0.16603697836399078,0.001,0.6169233322143555,0.004642908927053213,0.0075259091115717335
78,net.6.weight,0.16603697836399078,0.001,29.286996841430664,0.2947765290737152,0.010065099220303513
78,net.6.bias,0.16603697836399078,0.001,0.7637543082237244,0.004095320124179125,0.005362091028597503
78,net.8.weight,0.16603697836399078,0.001,29.997312545776367,0.3159291446208954,0.010531914955340836
78,net.8.bias,0.16603697836399078,0.001,0.7193539142608643,0.00374203035607934,0.0052019322921517345
78,net.10.weight,0.16603697836399078,0.001,5.2273850440979,0.05347989872097969,0.010230717322299111
78,net.10.bias,0.16603697836399078,0.001,0.11914747208356857,0.0006401213468052447,0.00537251303457174
79,net.0.weight,0.1654202938079834,0.001,26.23888397216797,0.23820489645004272,0.0090783166198193
79,net.0.bias,0.1654202938079834,0.001,1.631367564201355,0.004034554585814476,0.0024731119303512783
79,net.2.weight,0.1654202938079834,0.001,28.55385971069336,0.36467066407203674,0.01277132646048087
79,net.2.bias,0.1654202938079834,0.001,0.5750041007995605,0.0037685323040932417,0.006553922483079658
79,net.4.weight,0.1654202938079834,0.001,28.86383628845215,0.3049565255641937,0.010565349751730709
79,net.4.bias,0.1654202938079834,0.001,0.6166693568229675,0.003907540813088417,0.006336525027317334
79,net.6.weight,0.1654202938079834,0.001,29.321807861328125,0.291920006275177,0.009955730139688411
79,net.6.bias,0.1654202938079834,0.001,0.7640179991722107,0.0043285260908305645,0.0056654765928556465
79,net.8.weight,0.1654202938079834,0.001,30.041379928588867,0.31232860684394836,0.010396613191084507
79,net.8.bias,0.1654202938079834,0.001,0.71945720911026,0.003745385678485036,0.0052058491193894465
79,net.10.weight,0.1654202938079834,0.001,5.235469341278076,0.05271013826131821,0.010067891687519781
79,net.10.bias,0.1654202938079834,0.001,0.11913985013961792,0.0006216518231667578,0.005217832844663266
80,net.0.weight,0.16308003664016724,0.001,26.245296478271484,0.2357514351606369,0.008982616574966712
80,net.0.bias,0.16308003664016724,0.001,1.631632685661316,0.003963553812354803,0.002429194908379969
80,net.2.weight,0.16308003664016724,0.001,28.592927932739258,0.36174193024635315,0.012651447627095025
80,net.2.bias,0.16308003664016724,0.001,0.5748811960220337,0.00376287754625082,0.006545487262913708
80,net.4.weight,0.16308003664016724,0.001,28.89435386657715,0.3025083541870117,0.010469462497201954
80,net.4.bias,0.16308003664016724,0.001,0.6170885562896729,0.0035794160794466734,0.00580049012895068
80,net.6.weight,0.16308003664016724,0.001,29.35489845275879,0.2945299744606018,0.010033418270364403
80,net.6.bias,0.16308003664016724,0.001,0.7659332156181335,0.004113528877496719,0.005370610379100696
80,net.8.weight,0.16308003664016724,0.001,30.08464813232422,0.31291690468788147,0.010401215374417835
80,net.8.bias,0.16308003664016724,0.001,0.7203362584114075,0.0036978137213736773,0.005133454936072003
80,net.10.weight,0.16308003664016724,0.001,5.243597030639648,0.052325211465358734,0.009978877316393582
80,net.10.bias,0.16308003664016724,0.001,0.11920952051877975,0.000580515363253653,0.004869706385256379
81,net.0.weight,0.16298875212669373,0.001,26.251249313354492,0.2358434647321701,0.008984085363594189
81,net.0.bias,0.16298875212669373,0.001,1.6318378448486328,0.004321428015828133,0.002648196957479548
81,net.2.weight,0.16298875212669373,0.001,28.63142967224121,0.36412614583969116,0.012717707428795263
81,net.2.bias,0.16298875212669373,0.001,0.5748434066772461,0.004518226720392704,0.007859926143207076
81,net.4.weight,0.16298875212669373,0.001,28.924020767211914,0.30206796526908875,0.010443498422996262
81,net.4.bias,0.16298875212669373,0.001,0.6173245906829834,0.004522288218140602,0.007325624616925307
81,net.6.weight,0.16298875212669373,0.001,29.38694953918457,0.29684025049209595,0.010101090965439916
81,net.6.bias,0.16298875212669373,0.001,0.7669713497161865,0.004001334775239229,0.005217058990169452
81,net.8.weight,0.16298875212669373,0.001,30.12596321105957,0.31587544083595276,0.010485156561566518
81,net.8.bias,0.16298875212669373,0.001,0.7211334109306335,0.0037750687915831804,0.005234910398495331
81,net.10.weight,0.16298875212669373,0.001,5.2511372566223145,0.052901189774274826,0.010074234816002966
81,net.10.bias,0.16298875212669373,0.001,0.11933353543281555,0.0005919515388086438,0.004960479354455319
82,net.0.weight,0.16104364395141602,0.001,26.255130767822266,0.2340690791606903,0.00891517476071993
82,net.0.bias,0.16104364395141602,0.001,1.6321570873260498,0.004113974515348673,0.002520575101069815
82,net.2.weight,0.16104364395141602,0.001,28.6679744720459,0.3542827069759369,0.012358135288609157
82,net.2.bias,0.16104364395141602,0.001,0.5748966932296753,0.003840033197775483,0.0066795186735251625
82,net.4.weight,0.16104364395141602,0.001,28.950599670410156,0.29492488503456116,0.010187177066870851
82,net.4.bias,0.16104364395141602,0.001,0.6172943711280823,0.003912016283720732,0.006337359397221894
82,net.6.weight,0.16104364395141602,0.001,29.415876388549805,0.2910638749599457,0.009894788484807576
82,net.6.bias,0.16104364395141602,0.001,0.7666884064674377,0.0036476892419159412,0.004757720621761956
82,net.8.weight,0.16104364395141602,0.001,30.16274642944336,0.3097534775733948,0.010269405615896733
82,net.8.bias,0.16104364395141602,0.001,0.7213548421859741,0.003587285289540887,0.004972982892400188
82,net.10.weight,0.16104364395141602,0.001,5.257555961608887,0.05169083550572395,0.009831723310826315
82,net.10.bias,0.16104364395141602,0.001,0.11942946910858154,0.0005357431364245713,0.004485853788209427
83,net.0.weight,0.16052591800689697,0.001,26.258407592773438,0.23489178717136383,0.008945393445564775
83,net.0.bias,0.16052591800689697,0.001,1.6325864791870117,0.004529956728219986,0.002774711652932342
83,net.2.weight,0.16052591800689697,0.001,28.703426361083984,0.36691126227378845,0.012782838454828013
83,net.2.bias,0.16052591800689697,0.001,0.5748960971832275,0.004364329390227795,0.007591509859975308
83,net.4.weight,0.16052591800689697,0.001,28.975204467773438,0.30097997188568115,0.010387501224380818
83,net.4.bias,0.16052591800689697,0.001,0.617403507232666,0.004592557903379202,0.007438503101422317
83,net.6.weight,0.16052591800689697,0.001,29.441951751708984,0.29391229152679443,0.00998277199845401
83,net.6.bias,0.16052591800689697,0.001,0.7665008902549744,0.0044899447821080685,0.005857716330393956
83,net.8.weight,0.16052591800689697,0.001,30.196380615234375,0.3123391270637512,0.010343594851436367
83,net.8.bias,0.16052591800689697,0.001,0.7216653823852539,0.004178209695965052,0.005789677318531202
83,net.10.weight,0.16052591800689697,0.001,5.26308536529541,0.053107816725969315,0.010090624232728636
83,net.10.bias,0.16052591800689697,0.001,0.11949656158685684,0.0006718182703480124,0.0056220719778593544
84,net.0.weight,0.15711292624473572,0.001,26.26195526123047,0.2335243672132492,0.008892116557596624
84,net.0.bias,0.15711292624473572,0.001,1.6330691576004028,0.00411682715639472,0.002520914155554746
84,net.2.weight,0.15711292624473572,0.001,28.73818016052246,0.3620840311050415,0.01259940709824191
84,net.2.bias,0.15711292624473572,0.001,0.5748234987258911,0.004030067473649979,0.0070109650746406705
84,net.4.weight,0.15711292624473572,0.001,28.9984130859375,0.296590119600296,0.010227805180971248
84,net.4.bias,0.15711292624473572,0.001,0.6176896095275879,0.0041215126402676105,0.006672465550164854
84,net.6.weight,0.15711292624473572,0.001,29.466142654418945,0.28852781653404236,0.009791842112417546
84,net.6.bias,0.15711292624473572,0.001,0.7666857838630676,0.0038753035478293896,0.005054617718751819
84,net.8.weight,0.15711292624473572,0.001,30.228281021118164,0.3077951669692993,0.01018235759930466
84,net.8.bias,0.15711292624473572,0.001,0.7221788763999939,0.0035864929668605328,0.0049662113972911036
84,net.10.weight,0.15711292624473572,0.001,5.268120288848877,0.051801931113004684,0.00983309572916449
84,net.10.bias,0.15711292624473572,0.001,0.11953841149806976,0.0005664404015988111,0.004738563901762721
85,net.0.weight,0.16018643975257874,0.001,26.265316009521484,0.2320941835641861,0.008836527361028104
85,net.0.bias,0.16018643975257874,0.001,1.6335164308547974,0.004079843871295452,0.00249758361424043
85,net.2.weight,0.16018643975257874,0.001,28.77243995666504,0.3551187515258789,0.01234232314189318
85,net.2.bias,0.16018643975257874,0.001,0.574745237827301,0.0037554509472101927,0.006534114073579549
85,net.4.weight,0.16018643975257874,0.001,29.02053451538086,0.2943856418132782,0.010144046163493441
85,net.4.bias,0.16018643975257874,0.001,0.617730438709259,0.003841332159936428,0.006218460220226236
85,net.6.weight,0.16018643975257874,0.001,29.488731384277344,0.2906341254711151,0.009855769028642377
85,net.6.bias,0.16018643975257874,0.001,0.7668859362602234,0.003349804785102606,0.004368061307054579
85,net.8.weight,0.16018643975257874,0.001,30.25853729248047,0.3117314279079437,0.010302263618850204
85,net.8.bias,0.16018643975257874,0.001,0.7225362062454224,0.0032230031210929155,0.004460680438203764
85,net.10.weight,0.16018643975257874,0.001,5.272786617279053,0.05217283219099045,0.009894736119231296
85,net.10.bias,0.16018643975257874,0.001,0.11955557763576508,0.0005071686464361846,0.0042421161476992025
86,net.0.weight,0.14834433794021606,0.001,26.267864227294922,0.22970212996006012,0.008744606260046707
86,net.0.bias,0.14834433794021606,0.001,1.633923053741455,0.004472043365240097,0.0027369975317991526
86,net.2.weight,0.14834433794021606,0.001,28.805938720703125,0.3614436984062195,0.01254754104390447
86,net.2.bias,0.14834433794021606,0.001,0.5748401284217834,0.004199683200567961,0.007305828164951079
86,net.4.weight,0.14834433794021606,0.001,29.040903091430664,0.29932448267936707,0.010306996367743508
86,net.4.bias,0.14834433794021606,0.001,0.6176959276199341,0.004377533216029406,0.007086874010804366
86,net.6.weight,0.14834433794021606,0.001,29.510190963745117,0.29511240124702454,0.010000355524963775
86,net.6.bias,0.14834433794021606,0.001,0.7671539783477783,0.003946155775338411,0.005143890127295251
86,net.8.weight,0.14834433794021606,0.001,30.287160873413086,0.31558215618133545,0.010419667842104087
86,net.8.bias,0.14834433794021606,0.001,0.7226988673210144,0.003651159815490246,0.005052117805338199
86,net.10.weight,0.14834433794021606,0.001,5.2772216796875,0.05312007665634155,0.010065917234594388
86,net.10.bias,0.14834433794021606,0.001,0.11958228796720505,0.0005975133390165865,0.004996670904812025
87,net.0.weight,0.15505781769752502,0.001,26.27092933654785,0.22761425375938416,0.00866411122513011
87,net.0.bias,0.15505781769752502,0.001,1.6343263387680054,0.003834767499938607,0.0023463903193467147
87,net.2.weight,0.15505781769752502,0.001,28.839946746826172,0.35288140177726746,0.012235854832710533
87,net.2.bias,0.15505781769752502,0.001,0.5748937129974365,0.003527882043272257,0.006136581360193076
87,net.4.weight,0.15505781769752502,0.001,29.062145233154297,0.29116085171699524,0.01001856020541928
87,net.4.bias,0.15505781769752502,0.001,0.6175058484077454,0.00363376853056252,0.0058845896600530755
87,net.6.weight,0.15505781769752502,0.001,29.532581329345703,0.2892627716064453,0.009794699907217827
87,net.6.bias,0.15505781769752502,0.001,0.7674431800842285,0.0037666703574359417,0.004908077177808189
87,net.8.weight,0.15505781769752502,0.001,30.316898345947266,0.3053194582462311,0.010070933205706576
87,net.8.bias,0.15505781769752502,0.001,0.7227979898452759,0.003582049161195755,0.0049558095228827885
87,net.10.weight,0.15505781769752502,0.001,5.282121658325195,0.051051750779151917,0.009665008510110484
87,net.10.bias,0.15505781769752502,0.001,0.11958536505699158,0.0005542359431274235,0.004634646914054138
88,net.0.weight,0.1501297801733017,0.001,26.274869918823242,0.22577019035816193,0.00859262828153607
88,net.0.bias,0.1501297801733017,0.001,1.6347472667694092,0.0036211523693054914,0.0022151144968491797
88,net.2.weight,0.1501297801733017,0.001,28.874025344848633,0.35038653016090393,0.012135008055723543
88,net.2.bias,0.1501297801733017,0.001,0.5749424695968628,0.0034761521965265274,0.0060460870093036094
88,net.4.weight,0.1501297801733017,0.001,29.083683013916016,0.290076345205307,0.009973851835288905
88,net.4.bias,0.1501297801733017,0.001,0.6176985502243042,0.0039582634344697,0.006408082766314313
88,net.6.weight,0.1501297801733017,0.001,29.55526351928711,0.28723615407943726,0.009718612520304322
88,net.6.bias,0.1501297801733017,0.001,0.7684174180030823,0.004158657509833574,0.00541197715252323
88,net.8.weight,0.1501297801733017,0.001,30.346860885620117,0.3009146749973297,0.009915841909695456
88,net.8.bias,0.1501297801733017,0.001,0.7236023545265198,0.003743492066860199,0.0051734105665116395
88,net.10.weight,0.1501297801733017,0.001,5.2873029708862305,0.050421882420778275,0.009536408769919008
88,net.10.bias,0.1501297801733017,0.001,0.11964521557092667,0.0005567356129176915,0.004653220860199412
89,net.0.weight,0.14914706349372864,0.001,26.279260635375977,0.2237163931131363,0.008513039853639534
89,net.0.bias,0.14914706349372864,0.001,1.635107398033142,0.003717069746926427,0.002273287828920388
89,net.2.weight,0.14914706349372864,0.001,28.908098220825195,0.3468070328235626,0.01199688164106642
89,net.2.bias,0.14914706349372864,0.001,0.5749157667160034,0.0035000997595489025,0.006088021867171857
89,net.4.weight,0.14914706349372864,0.001,29.1055965423584,0.28525984287261963,0.009800858829932277
89,net.4.bias,0.14914706349372864,0.001,0.6180964708328247,0.0034468851517885923,0.0055766135456885085
89,net.6.weight,0.14914706349372864,0.001,29.57826042175293,0.28433749079704285,0.009613056574075286
89,net.6.bias,0.14914706349372864,0.001,0.7695814967155457,0.0036375042982399464,0.004726600514388989
89,net.8.weight,0.14914706349372864,0.001,30.376895904541016,0.29943645000457764,0.009857374859681273
89,net.8.bias,0.14914706349372864,0.001,0.7248335480690002,0.003366366494446993,0.004644330416845624
89,net.10.weight,0.14914706349372864,0.001,5.292825222015381,0.05014488846063614,0.00947412513303097
89,net.10.bias,0.14914706349372864,0.001,0.11973117291927338,0.0005143907619640231,0.0042962141723178636
90,net.0.weight,0.14905589818954468,0.001,26.282594680786133,0.2215169370174408,0.00842827505076508
90,net.0.bias,0.14905589818954468,0.001,1.635507583618164,0.004255876410752535,0.002602174672487571
90,net.2.weight,0.14905589818954468,0.001,28.9406681060791,0.35104113817214966,0.012129683284623691
90,net.2.bias,0.14905589818954468,0.001,0.5748945474624634,0.004156134556978941,0.0072293859375145795
90,net.4.weight,0.14905589818954468,0.001,29.1254940032959,0.28802886605262756,0.00988923539013737
90,net.4.bias,0.14905589818954468,0.001,0.6181972026824951,0.004345578607171774,0.0070294375133296335
90,net.6.weight,0.14905589818954468,0.001,29.59865951538086,0.28520914912223816,0.009635880603783087
90,net.6.bias,0.14905589818954468,0.001,0.7702895402908325,0.004110937938094139,0.005336873633961072
90,net.8.weight,0.14905589818954468,0.001,30.40373420715332,0.30255192518234253,0.009951143603641912
90,net.8.bias,0.14905589818954468,0.001,0.7256278395652771,0.00375694059766829,0.005177503387851091
90,net.10.weight,0.14905589818954468,0.001,5.297528266906738,0.050818417221307755,0.009592854376779186
90,net.10.bias,0.14905589818954468,0.001,0.11976566165685654,0.0006005457835271955,0.005014340297704308
91,net.0.weight,0.14885228872299194,0.001,26.285001754760742,0.22124652564525604,0.00841721555545203
91,net.0.bias,0.14885228872299194,0.001,1.635922908782959,0.004088243003934622,0.0024990438008940536
91,net.2.weight,0.14885228872299194,0.001,28.972200393676758,0.34900009632110596,0.0120460334934476
91,net.2.bias,0.14885228872299194,0.001,0.574975311756134,0.003960783127695322,0.006888614253015477
91,net.4.weight,0.14885228872299194,0.001,29.14394760131836,0.2874740958213806,0.00986393812375563
91,net.4.bias,0.14885228872299194,0.001,0.6181316375732422,0.004095003940165043,0.006624808845316265
91,net.6.weight,0.14885228872299194,0.001,29.61766815185547,0.28543323278427124,0.009637262168000541
91,net.6.bias,0.14885228872299194,0.001,0.7704712152481079,0.003975565545260906,0.005159914434935367
91,net.8.weight,0.14885228872299194,0.001,30.428682327270508,0.30074670910835266,0.009883658643963702
91,net.8.bias,0.14885228872299194,0.001,0.7259358167648315,0.003779639955610037,0.005206575937324855
91,net.10.weight,0.14885228872299194,0.001,5.301654815673828,0.050139814615249634,0.00945738950544576
91,net.10.bias,0.14885228872299194,0.001,0.1197616457939148,0.0005832838942296803,0.0048703730677966146
92,net.0.weight,0.1463126689195633,0.001,26.28766441345215,0.2204391062259674,0.00838564821731224
92,net.0.bias,0.1463126689195633,0.001,1.636318564414978,0.0037380352150648832,0.002284417775582298
92,net.2.weight,0.1463126689195633,0.001,29.003582000732422,0.3450969457626343,0.011898425020534347
92,net.2.bias,0.1463126689195633,0.001,0.5750440359115601,0.003647169331088662,0.006342417455573064
92,net.4.weight,0.1463126689195633,0.001,29.161916732788086,0.2841376066207886,0.009743447566370684
92,net.4.bias,0.1463126689195633,0.001,0.618097722530365,0.0037328738253563643,0.006039293932478421
92,net.6.weight,0.1463126689195633,0.001,29.636281967163086,0.28252559900283813,0.009533098629439268
92,net.6.bias,0.1463126689195633,0.001,0.7705447673797607,0.0037514963187277317,0.0048686286346278146
92,net.8.weight,0.1463126689195633,0.001,30.452980041503906,0.2975304424762726,0.009770158522114184
92,net.8.bias,0.1463126689195633,0.001,0.726268470287323,0.0036652525886893272,0.005046691049715123
92,net.10.weight,0.1463126689195633,0.001,5.305619239807129,0.04977676272392273,0.009381895019992469
92,net.10.bias,0.1463126689195633,0.001,0.11973673850297928,0.0005964930169284344,0.004981704232018918
93,net.0.weight,0.14806067943572998,0.001,26.29155921936035,0.21967118978500366,0.008355198257821243
93,net.0.bias,0.14806067943572998,0.001,1.636681079864502,0.003740001702681184,0.0022851132995261435
93,net.2.weight,0.14806067943572998,0.001,29.035856246948242,0.3475148379802704,0.01196847218916767
93,net.2.bias,0.14806067943572998,0.001,0.5750535726547241,0.003676663152873516,0.006393601096851323
93,net.4.weight,0.14806067943572998,0.001,29.181272506713867,0.2863100469112396,0.009811431178861955
93,net.4.bias,0.14806067943572998,0.001,0.6182346343994141,0.0038858624175190926,0.00628541689724974
93,net.6.weight,0.14806067943572998,0.001,29.657190322875977,0.2820328176021576,0.009509761866572118
93,net.6.bias,0.14806067943572998,0.001,0.7707094550132751,0.0038406208623200655,0.004983227904287112
93,net.8.weight,0.14806067943572998,0.001,30.479955673217773,0.2957920432090759,0.009704477473009695
93,net.8.bias,0.14806067943572998,0.001,0.7267116904258728,0.0036049471236765385,0.0049606290516173495
93,net.10.weight,0.14806067943572998,0.001,5.310427665710449,0.04966025799512863,0.009351461147994922
93,net.10.bias,0.14806067943572998,0.001,0.11969773471355438,0.0006054341793060303,0.005058025373286132
94,net.0.weight,0.14650464057922363,0.001,26.296052932739258,0.2179301530122757,0.008287561390665863
94,net.0.bias,0.14650464057922363,0.001,1.6370353698730469,0.0038590107578784227,0.002357316664561555
94,net.2.weight,0.14650464057922363,0.001,29.06839942932129,0.3450806438922882,0.01187133281044038
94,net.2.bias,0.14650464057922363,0.001,0.5750049948692322,0.003623584285378456,0.006301830971403184
94,net.4.weight,0.14650464057922363,0.001,29.200660705566406,0.2823842763900757,0.009670475584007793
94,net.4.bias,0.14650464057922363,0.001,0.6184863448143005,0.00377852120436728,0.006109304168229897
94,net.6.weight,0.14650464057922363,0.001,29.67852210998535,0.2787139117717743,0.009391098072164478
94,net.6.bias,0.14650464057922363,0.001,0.7709245681762695,0.0038980944082140923,0.005056388872695525
94,net.8.weight,0.14650464057922363,0.001,30.507736206054688,0.29299360513687134,0.009603911714652975
94,net.8.bias,0.14650464057922363,0.001,0.7272621989250183,0.0035786388907581568,0.004920699709194042
94,net.10.weight,0.14650464057922363,0.001,5.315479278564453,0.04977045953273773,0.009363306096111657
94,net.10.bias,0.14650464057922363,0.001,0.11970341950654984,0.0006113776471465826,0.0051074367772186305
95,net.0.weight,0.14737236499786377,0.001,26.30019187927246,0.2176285684108734,0.008274790138789423
95,net.0.bias,0.14737236499786377,0.001,1.6373343467712402,0.0038699586875736713,0.0023635726540550987
95,net.2.weight,0.14737236499786377,0.001,29.100496292114258,0.3464464843273163,0.011905174428973481
95,net.2.bias,0.14737236499786377,0.001,0.5749465227127075,0.0036382083781063557,0.006327907439009447
95,net.4.weight,0.14737236499786377,0.001,29.219449996948242,0.2842363119125366,0.009727640730479973
95,net.4.bias,0.14737236499786377,0.001,0.6188358664512634,0.003911529667675495,0.006320786948090619
95,net.6.weight,0.14737236499786377,0.001,29.698869705200195,0.28315338492393494,0.00953414684580927
95,net.6.bias,0.14737236499786377,0.001,0.7714625597000122,0.004194439388811588,0.005436996696823007
95,net.8.weight,0.14737236499786377,0.001,30.535085678100586,0.2945776581764221,0.009647186232972971
95,net.8.bias,0.14737236499786377,0.001,0.7277693748474121,0.003713017562404275,0.0051019150993853865
95,net.10.weight,0.14737236499786377,0.001,5.320562362670898,0.050633907318115234,0.009516645772891052
95,net.10.bias,0.14737236499786377,0.001,0.1197810247540474,0.0006491345702670515,0.0054193439369879595
96,net.0.weight,0.13929864764213562,0.001,26.303617477416992,0.21583470702171326,0.008205514211382462
96,net.0.bias,0.13929864764213562,0.001,1.6376460790634155,0.003838120261207223,0.0023436811593639806
96,net.2.weight,0.13929864764213562,0.001,29.131980895996094,0.3445279598236084,0.011826451522593179
96,net.2.bias,0.13929864764213562,0.001,0.5749916434288025,0.003561582649126649,0.006194146801661573
96,net.4.weight,0.13929864764213562,0.001,29.237871170043945,0.28520265221595764,0.009754562859835222
96,net.4.bias,0.13929864764213562,0.001,0.619137167930603,0.003964217845350504,0.00640281031520117
96,net.6.weight,0.13929864764213562,0.001,29.718082427978516,0.28540879487991333,0.009603876547943454
96,net.6.bias,0.13929864764213562,0.001,0.7723300457000732,0.0039693512953817844,0.005139449536478661
96,net.8.weight,0.13929864764213562,0.001,30.561004638671875,0.2970771789550781,0.009720792312539257
96,net.8.bias,0.13929864764213562,0.001,0.7282268404960632,0.0038241189904510975,0.005251274435100653
96,net.10.weight,0.13929864764213562,0.001,5.325447082519531,0.051524512469768524,0.009675152465394826
96,net.10.bias,0.13929864764213562,0.001,0.11993582546710968,0.0006853969534859061,0.005714697429367044
97,net.0.weight,0.1415906399488449,0.001,26.30656623840332,0.21410448849201202,0.00813882308134363
97,net.0.bias,0.1415906399488449,0.001,1.6380009651184082,0.003698192071169615,0.0022577471869207836
97,net.2.weight,0.1415906399488449,0.001,29.163057327270508,0.3369332253932953,0.01155342602156556
97,net.2.bias,0.1415906399488449,0.001,0.5751336812973022,0.003390323603525758,0.0058948444749025355
97,net.4.weight,0.1415906399488449,0.001,29.256433486938477,0.27906927466392517,0.009538731875452814
97,net.4.bias,0.1415906399488449,0.001,0.6189131736755371,0.003592688823118806,0.00580483495250702
97,net.6.weight,0.1415906399488449,0.001,29.737136840820312,0.28332072496414185,0.009527505169066112
97,net.6.bias,0.1415906399488449,0.001,0.7727711796760559,0.0034703153651207685,0.004490741187547286
97,net.8.weight,0.1415906399488449,0.001,30.5860595703125,0.2929932177066803,0.009579305795607158
97,net.8.bias,0.1415906399488449,0.001,0.7283616065979004,0.003384732874110341,0.004647050096338917
97,net.10.weight,0.1415906399488449,0.001,5.330094337463379,0.05008082091808319,0.009395860138174764
97,net.10.bias,0.1415906399488449,0.001,0.12005570530891418,0.0005664637428708375,0.004718340885285502
98,net.0.weight,0.14179356396198273,0.001,26.30898666381836,0.2133016437292099,0.008107558320463733
98,net.0.bias,0.14179356396198273,0.001,1.6384276151657104,0.003489467315375805,0.002129765931113704
98,net.2.weight,0.14179356396198273,0.001,29.19332504272461,0.33419761061668396,0.011447740540948444
98,net.2.bias,0.14179356396198273,0.001,0.5751855969429016,0.0032474177423864603,0.005645860674617744
98,net.4.weight,0.14179356396198273,0.001,29.27440071105957,0.27765631675720215,0.009484611469853469
98,net.4.bias,0.14179356396198273,0.001,0.6182931065559387,0.003397132968530059,0.005494373028761417
98,net.6.weight,0.14179356396198273,0.001,29.75534439086914,0.2816513478755951,0.009465571770092633
98,net.6.bias,0.14179356396198273,0.001,0.7722516655921936,0.0034369935747236013,0.004450613352951433
98,net.8.weight,0.14179356396198273,0.001,30.609487533569336,0.2915981709957123,0.009526398332409761
98,net.8.bias,0.14179356396198273,0.001,0.7283191680908203,0.0032353424467146397,0.004442204171552433
98,net.10.weight,0.14179356396198273,0.001,5.334033489227295,0.049154315143823624,0.009215224321912586
98,net.10.bias,0.14179356396198273,0.001,0.12006886303424835,0.000516643631272018,0.004302894340930429
99,net.0.weight,0.1375724822282791,0.001,26.311311721801758,0.21216966211795807,0.008063819256192865
99,net.0.bias,0.1375724822282791,0.001,1.6388367414474487,0.003805395681411028,0.0023220102315072806
99,net.2.weight,0.1375724822282791,0.001,29.22297477722168,0.3396044671535492,0.011621146366599864
99,net.2.bias,0.1375724822282791,0.001,0.5752213001251221,0.003729328280314803,0.0064832930899874535
99,net.4.weight,0.1375724822282791,0.001,29.291576385498047,0.28283703327178955,0.009655917098808626
99,net.4.bias,0.1375724822282791,0.001,0.6177938580513,0.004094485659152269,0.006627592045132105
99,net.6.weight,0.1375724822282791,0.001,29.772991180419922,0.2851864993572235,0.009578698278215834
99,net.6.bias,0.1375724822282791,0.001,0.7715303301811218,0.004118761047720909,0.005338430501823568
99,net.8.weight,0.1375724822282791,0.001,30.632095336914062,0.2958467900753021,0.009658065725552365
99,net.8.bias,0.1375724822282791,0.001,0.7285054922103882,0.0037364268209785223,0.005128893139352563
99,net.10.weight,0.1375724822282791,0.001,5.337864398956299,0.05007178708910942,0.009380490650699154
99,net.10.bias,0.1375724822282791,0.001,0.12003186345100403,0.0006335757789202034,0.005278396591575233
100,net.0.weight,0.13470874726772308,0.001,26.314035415649414,0.2112516313791275,0.008028097098839218
100,net.0.bias,0.13470874726772308,0.001,1.639207363128662,0.003970008343458176,0.002421907339337987
100,net.2.weight,0.13470874726772308,0.001,29.25262451171875,0.34238868951797485,0.011704546010249856
100,net.2.bias,0.13470874726772308,0.001,0.5752383470535278,0.0039941188879311085,0.006943415557028994
100,net.4.weight,0.13470874726772308,0.001,29.30866050720215,0.285078763961792,0.009726775602444823
100,net.4.bias,0.13470874726772308,0.001,0.6178242564201355,0.004413183778524399,0.007143105393912094
100,net.6.weight,0.13470874726772308,0.001,29.790637969970703,0.28452950716018677,0.009550970591734077
100,net.6.bias,0.13470874726772308,0.001,0.7713969945907593,0.004380039870738983,0.0056780618818234796
100,net.8.weight,0.13470874726772308,0.001,30.654817581176758,0.2946871519088745,0.009613077981250941
100,net.8.bias,0.13470874726772308,0.001,0.7291948795318604,0.0038706064224243164,0.005308054857583788
100,net.10.weight,0.13470874726772308,0.001,5.341882705688477,0.05007104575634003,0.009373295617857774
100,net.10.bias,0.13470874726772308,0.001,0.1199936717748642,0.0006763174314983189,0.005636275826005612
101,net.0.weight,0.1371113657951355,0.001,26.316890716552734,0.20953498780727386,0.007961996349191853
101,net.0.bias,0.1371113657951355,0.001,1.6395920515060425,0.003771336982026696,0.002300167885397191
101,net.2.weight,0.1371113657951355,0.001,29.281709671020508,0.33967405557632446,0.011600212535147588
101,net.2.bias,0.1371113657951355,0.001,0.5752109885215759,0.003724804613739252,0.00647554495318814
101,net.4.weight,0.1371113657951355,0.001,29.324399948120117,0.28566044569015503,0.009741390998470122
101,net.4.bias,0.1371113657951355,0.001,0.6182034015655518,0.004148100968450308,0.006709929058859214
101,net.6.weight,0.1371113657951355,0.001,29.80713653564453,0.2865925431251526,0.009614896848022757
101,net.6.bias,0.1371113657951355,0.001,0.7719135284423828,0.004394677001982927,0.0056932244870106005
101,net.8.weight,0.1371113657951355,0.001,30.6767635345459,0.29423788189888,0.009591555561835299
101,net.8.bias,0.1371113657951355,0.001,0.730035662651062,0.003705684095621109,0.005076031603941422
101,net.10.weight,0.1371113657951355,0.001,5.345704555511475,0.04916546493768692,0.009197190833712805
101,net.10.bias,0.1371113657951355,0.001,0.11996069550514221,0.0006262989481911063,0.00522086793139891
102,net.0.weight,0.13521909713745117,0.001,26.320144653320312,0.2087949812412262,0.007932896417987069
102,net.0.bias,0.13521909713745117,0.001,1.6398680210113525,0.0036189970560371876,0.0022068831208777707
102,net.2.weight,0.13521909713745117,0.001,29.31077003479004,0.33658793568611145,0.01148342180320076
102,net.2.bias,0.13521909713745117,0.001,0.5751876831054688,0.003416636260226369,0.005940037244503861
102,net.4.weight,0.13521909713745117,0.001,29.339805603027344,0.2829996645450592,0.009645587580711806
102,net.4.bias,0.13521909713745117,0.001,0.6189875602722168,0.0037640451919287443,0.006080970658398049
102,net.6.weight,0.13521909713745117,0.001,29.823179244995117,0.28231894969940186,0.009466427015717321
102,net.6.bias,0.13521909713745117,0.001,0.7733538150787354,0.0038639160338789225,0.00499631081988719
102,net.8.weight,0.13521909713745117,0.001,30.698131561279297,0.2892630100250244,0.009422821367730493
102,net.8.bias,0.13521909713745117,0.001,0.7311537861824036,0.003486915258690715,0.004769058609266124
102,net.10.weight,0.13521909713745117,0.001,5.34945821762085,0.047602493315935135,0.008898563439403057
102,net.10.bias,0.13521909713745117,0.001,0.11999750882387161,0.0005339155322872102,0.004449388470812955
103,net.0.weight,0.13625572621822357,0.001,26.32301139831543,0.20908713340759277,0.007943131211080718
103,net.0.bias,0.13625572621822357,0.001,1.6402477025985718,0.003756366204470396,0.0022901213021175714
103,net.2.weight,0.13625572621822357,0.001,29.33941078186035,0.3383965790271759,0.011533857361457171
103,net.2.bias,0.13625572621822357,0.001,0.5752303004264832,0.003557872725650668,0.006185127457668373
103,net.4.weight,0.13625572621822357,0.001,29.354726791381836,0.28340625762939453,0.009654535695171208
103,net.4.bias,0.13625572621822357,0.001,0.6195104122161865,0.003816355252638459,0.006160276207442806
103,net.6.weight,0.13625572621822357,0.001,29.838884353637695,0.28324073553085327,0.009492336649520981
103,net.6.bias,0.13625572621822357,0.001,0.7743581533432007,0.003707128344103694,0.0047873562486539355
103,net.8.weight,0.13625572621822357,0.001,30.718408584594727,0.2887382209300995,0.009399517560779553
103,net.8.bias,0.13625572621822357,0.001,0.7318664193153381,0.003561639226973057,0.0048665154363893
103,net.10.weight,0.13625572621822357,0.001,5.352639675140381,0.04808948189020157,0.008984255397116817
103,net.10.bias,0.13625572621822357,0.001,0.12001001089811325,0.0005889954045414925,0.004907885601656523
104,net.0.weight,0.13703498244285583,0.001,26.32525634765625,0.2091650515794754,0.007945413667285996
104,net.0.bias,0.13703498244285583,0.001,1.6406824588775635,0.0038296119309961796,0.002334157905007483
104,net.2.weight,0.13703498244285583,0.001,29.367660522460938,0.3394697606563568,0.011559305529179758
104,net.2.bias,0.13703498244285583,0.001,0.5753023624420166,0.003621788462623954,0.006295452094530527
104,net.4.weight,0.13703498244285583,0.001,29.369518280029297,0.28448939323425293,0.009686552926123415
104,net.4.bias,0.13703498244285583,0.001,0.6195182800292969,0.003833961207419634,0.006188616754356831
104,net.6.weight,0.13703498244285583,0.001,29.854223251342773,0.28709542751312256,0.009616576693222446
104,net.6.bias,0.13703498244285583,0.001,0.774422287940979,0.0036939051933586597,0.004769884920512751
104,net.8.weight,0.13703498244285583,0.001,30.73802947998047,0.2902209460735321,0.009441755082659141
104,net.8.bias,0.13703498244285583,0.001,0.7319648861885071,0.0035081610549241304,0.004792799656267464
104,net.10.weight,0.13703498244285583,0.001,5.355398654937744,0.04858295992016792,0.009071772812911664
104,net.10.bias,0.13703498244285583,0.001,0.11996658146381378,0.0005998475826345384,0.005000122328362536
105,net.0.weight,0.13088387250900269,0.001,26.326719284057617,0.20773600041866302,0.007890690753270554
105,net.0.bias,0.13088387250900269,0.001,1.641194224357605,0.0036847845185548067,0.002245184917097245
105,net.2.weight,0.13088387250900269,0.001,29.39512062072754,0.3363736867904663,0.011443181034381513
105,net.2.bias,0.13088387250900269,0.001,0.5754041075706482,0.003403296461328864,0.005914619684759562
105,net.4.weight,0.13088387250900269,0.001,29.383474349975586,0.284961998462677,0.009698036218202146
105,net.4.bias,0.13088387250900269,0.001,0.6193357110023499,0.003620636649429798,0.005846000133869337
105,net.6.weight,0.13088387250900269,0.001,29.867950439453125,0.28848251700401306,0.009658597686132196
105,net.6.bias,0.13088387250900269,0.001,0.7740870714187622,0.003534830641001463,0.00456645094785365
105,net.8.weight,0.13088387250900269,0.001,30.755678176879883,0.290171355009079,0.00943472464955141
105,net.8.bias,0.13088387250900269,0.001,0.7319944500923157,0.0032434992026537657,0.004431043435158164
105,net.10.weight,0.13088387250900269,0.001,5.357608795166016,0.04831787943840027,0.00901855310563097
105,net.10.bias,0.13088387250900269,0.001,0.11999344080686569,0.0005599261494353414,0.004666306305330182
106,net.0.weight,0.1345280557870865,0.001,26.32816505432129,0.20561769604682922,0.00780979971914453
106,net.0.bias,0.1345280557870865,0.001,1.6417102813720703,0.003662912640720606,0.0022311565458792777
106,net.2.weight,0.1345280557870865,0.001,29.42255210876465,0.33698713779449463,0.011453361916015094
106,net.2.bias,0.1345280557870865,0.001,0.5755549073219299,0.003490292700007558,0.006064221945822631
106,net.4.weight,0.1345280557870865,0.001,29.398080825805664,0.2852948009967804,0.009704538288987503
106,net.4.bias,0.1345280557870865,0.001,0.6189303994178772,0.0036653000861406326,0.005921990727209325
106,net.6.weight,0.1345280557870865,0.001,29.882232666015625,0.2870226502418518,0.009605127349412417
106,net.6.bias,0.1345280557870865,0.001,0.7738906741142273,0.003648619167506695,0.00471464418625124
106,net.8.weight,0.1345280557870865,0.001,30.773868560791016,0.2886555790901184,0.009379892505874106
106,net.8.bias,0.1345280557870865,0.001,0.7320646643638611,0.003224950982257724,0.004405281581320545
106,net.10.weight,0.1345280557870865,0.001,5.360060214996338,0.04755212366580963,0.008871565198608896
106,net.10.bias,0.1345280557870865,0.001,0.12006387114524841,0.0005352489533834159,0.004458035113126525
107,net.0.weight,0.13090403378009796,0.001,26.33001136779785,0.20449912548065186,0.007766769357751152
107,net.0.bias,0.13090403378009796,0.001,1.6421688795089722,0.003307309467345476,0.002013988639423249
107,net.2.weight,0.13090403378009796,0.001,29.45010757446289,0.33225107192993164,0.011281828804524874
107,net.2.bias,0.13090403378009796,0.001,0.5757174491882324,0.00327345565892756,0.00568587188653595
107,net.4.weight,0.13090403378009796,0.001,29.413162231445312,0.28116193413734436,0.009559051554026959
107,net.4.bias,0.13090403378009796,0.001,0.6187052130699158,0.00332340388558805,0.0053715466031033655
107,net.6.weight,0.13090403378009796,0.001,29.897329330444336,0.28447648882865906,0.009515113730876882
107,net.6.bias,0.13090403378009796,0.001,0.7741347551345825,0.003316014539450407,0.004283510742098024
107,net.8.weight,0.13090403378009796,0.001,30.79281234741211,0.28426799178123474,0.00923163459621853
107,net.8.bias,0.13090403378009796,0.001,0.7324541807174683,0.00290913344360888,0.003971761674920426
107,net.10.weight,0.13090403378009796,0.001,5.362940788269043,0.04677543044090271,0.008721974060056715
107,net.10.bias,0.13090403378009796,0.001,0.12020979821681976,0.0004579498781822622,0.003809588610707657
108,net.0.weight,0.12933430075645447,0.001,26.332448959350586,0.20282405614852905,0.007702438024721083
108,net.0.bias,0.12933430075645447,0.001,1.6424648761749268,0.0033438503742218018,0.002035873291859468
108,net.2.weight,0.12933430075645447,0.001,29.477998733520508,0.3317701816558838,0.0112548407595464
108,net.2.bias,0.12933430075645447,0.001,0.5758556723594666,0.0032651005312800407,0.005669998035969447
108,net.4.weight,0.12933430075645447,0.001,29.429285049438477,0.2815726697444916,0.009567771329526882
108,net.4.bias,0.12933430075645447,0.001,0.6186718344688416,0.003415473736822605,0.005520654968485752
108,net.6.weight,0.12933430075645447,0.001,29.91386604309082,0.2844085097312927,0.009507581177290935
108,net.6.bias,0.12933430075645447,0.001,0.7745887637138367,0.003387549426406622,0.0043733521387073915
108,net.8.weight,0.12933430075645447,0.001,30.8133602142334,0.28385424613952637,0.009212051011833743
108,net.8.bias,0.12933430075645447,0.001,0.7330228686332703,0.003191269002854824,0.004353573591510156
108,net.10.weight,0.12933430075645447,0.001,5.36639928817749,0.047332629561424255,0.008820184078680274
108,net.10.bias,0.12933430075645447,0.001,0.12036845833063126,0.0004973890609107912,0.004132220914091545
109,net.0.weight,0.12825927138328552,0.001,26.335588455200195,0.20130296051502228,0.007643761629152935
109,net.0.bias,0.12825927138328552,0.001,1.6427199840545654,0.003795171855017543,0.0023102974894420474
109,net.2.weight,0.12825927138328552,0.001,29.50631332397461,0.3361876606941223,0.011393753499559076
109,net.2.bias,0.12825927138328552,0.001,0.57585608959198,0.0036514773964881897,0.006340954732414875
109,net.4.weight,0.12825927138328552,0.001,29.44648551940918,0.28374820947647095,0.009636063675220014
109,net.4.bias,0.12825927138328552,0.001,0.6187120079994202,0.0039000508841127157,0.006303499582501025
109,net.6.weight,0.12825927138328552,0.001,29.932310104370117,0.28422945737838745,0.009495740769333069
109,net.6.bias,0.12825927138328552,0.001,0.7749060988426208,0.004040742293000221,0.005214492825692515
109,net.8.weight,0.12825927138328552,0.001,30.835861206054688,0.2859501838684082,0.009273299745306328
109,net.8.bias,0.12825927138328552,0.001,0.7336595058441162,0.003555020783096552,0.004845600383799706
109,net.10.weight,0.12825927138328552,0.001,5.37066125869751,0.04812972992658615,0.008961602232619405
109,net.10.bias,0.12825927138328552,0.001,0.1204666793346405,0.0006191094289533794,0.0051392586927176374
110,net.0.weight,0.12888410687446594,0.001,26.339216232299805,0.20050138235092163,0.0076122759531867396
110,net.0.bias,0.12888410687446594,0.001,1.6429252624511719,0.0036773167084902525,0.0022382738841107467
110,net.2.weight,0.12888410687446594,0.001,29.535202026367188,0.3318510949611664,0.011235782124155115
110,net.2.bias,0.12888410687446594,0.001,0.5757347941398621,0.0035412036813795567,0.00615075503065618
110,net.4.weight,0.12888410687446594,0.001,29.464706420898438,0.27879637479782104,0.009462044889070372
110,net.4.bias,0.12888410687446594,0.001,0.6188988089561462,0.0036607980728149414,0.005915018771791395
110,net.6.weight,0.12888410687446594,0.001,29.952356338500977,0.27845168113708496,0.009296486660021508
110,net.6.bias,0.12888410687446594,0.001,0.7754539251327515,0.003647833364084363,0.004704126506884189
110,net.8.weight,0.12888410687446594,0.001,30.860187530517578,0.28053590655326843,0.009090544452325412
110,net.8.bias,0.12888410687446594,0.001,0.7342005968093872,0.0031697626691311598,0.004317297865060292
110,net.10.weight,0.12888410687446594,0.001,5.375563144683838,0.046407751739025116,0.00863309582455934
110,net.10.bias,0.12888410687446594,0.001,0.12046963721513748,0.0005346417310647666,0.004437979091030141
111,net.0.weight,0.12870007753372192,0.001,26.34278106689453,0.2001732736825943,0.007598790468412457
111,net.0.bias,0.12870007753372192,0.001,1.643193006515503,0.0034592021256685257,0.00210517091537773
111,net.2.weight,0.12870007753372192,0.001,29.563987731933594,0.32773783802986145,0.011085711474431943
111,net.2.bias,0.12870007753372192,0.001,0.5756454467773438,0.0033267997205257416,0.005779251341516348
111,net.4.weight,0.12870007753372192,0.001,29.48290252685547,0.2783501148223877,0.009441068923551314
111,net.4.bias,0.12870007753372192,0.001,0.6189727187156677,0.0036205132491886616,0.005849229117401192
111,net.6.weight,0.12870007753372192,0.001,29.972536087036133,0.28023627400398254,0.00934976850775039
111,net.6.bias,0.12870007753372192,0.001,0.7757908701896667,0.003287718165665865,0.0042378923135072185
111,net.8.weight,0.12870007753372192,0.001,30.884557723999023,0.2816098630428314,0.009118144593795004
111,net.8.bias,0.12870007753372192,0.001,0.7344339489936829,0.0027709309943020344,0.003772879777819024
111,net.10.weight,0.12870007753372192,0.001,5.380500316619873,0.04615113511681557,0.008577480234367598
111,net.10.bias,0.12870007753372192,0.001,0.12041178345680237,0.00041538095683790743,0.0034496703305364213
112,net.0.weight,0.12968991696834564,0.001,26.34545135498047,0.20054584741592407,0.007612162141910388
112,net.0.bias,0.12968991696834564,0.001,1.6434931755065918,0.003459235653281212,0.0021048068253857726
112,net.2.weight,0.12968991696834564,0.001,29.59171485900879,0.3310539126396179,0.011187385192677778
112,net.2.bias,0.12968991696834564,0.001,0.5756941437721252,0.0033491034992039204,0.005817504894629574
112,net.4.weight,0.12968991696834564,0.001,29.499385833740234,0.28332269191741943,0.009604359003073416
112,net.4.bias,0.12968991696834564,0.001,0.6189157366752625,0.0037213691975921392,0.006012723505113744
112,net.6.weight,0.12968991696834564,0.001,29.99119758605957,0.2870042324066162,0.009569615604147158
112,net.6.bias,0.12968991696834564,0.001,0.7754259705543518,0.0034056620206683874,0.004391988597226993
112,net.8.weight,0.12968991696834564,0.001,30.90707778930664,0.28661048412323,0.00927329610638223
112,net.8.bias,0.12968991696834564,0.001,0.7343432903289795,0.002917957492172718,0.003973560500383272
112,net.10.weight,0.12968991696834564,0.001,5.384775638580322,0.046952005475759506,0.008719398657831218
112,net.10.bias,0.12968991696834564,0.001,0.12035490572452545,0.00045633630361407995,0.0037915887255860277
113,net.0.weight,0.12689585983753204,0.001,26.34810447692871,0.200081005692482,0.007593753314120933
113,net.0.bias,0.12689585983753204,0.001,1.6436868906021118,0.003513077739626169,0.0021373156649921727
113,net.2.weight,0.12689585983753204,0.001,29.61937141418457,0.33367419242858887,0.01126540424381842
113,net.2.bias,0.12689585983753204,0.001,0.5758898258209229,0.003396815387532115,0.005898377146514097
113,net.4.weight,0.12689585983753204,0.001,29.51618003845215,0.286544531583786,0.009708049321100856
113,net.4.bias,0.12689585983753204,0.001,0.6187573075294495,0.0037089495453983545,0.005994191099265246
113,net.6.weight,0.12689585983753204,0.001,30.009729385375977,0.2908748984336853,0.009692686485051458
113,net.6.bias,0.12689585983753204,0.001,0.7751711010932922,0.00378548726439476,0.004883421555648492
113,net.8.weight,0.12689585983753204,0.001,30.92934226989746,0.28987786173820496,0.009372260787463747
113,net.8.bias,0.12689585983753204,0.001,0.7343093156814575,0.003383625065907836,0.004607901593578105
113,net.10.weight,0.12689585983753204,0.001,5.3890275955200195,0.04826679453253746,0.008956494224053034
113,net.10.bias,0.12689585983753204,0.001,0.12039034813642502,0.0005843478720635176,0.00485377674463854
114,net.0.weight,0.1293429136276245,0.001,26.35114288330078,0.20131002366542816,0.007639517745281634
114,net.0.bias,0.1293429136276245,0.001,1.6438462734222412,0.003692856291308999,0.0022464730133317313
114,net.2.weight,0.1293429136276245,0.001,29.647193908691406,0.33868980407714844,0.011424008798952731
114,net.2.bias,0.1293429136276245,0.001,0.5761173367500305,0.0036004281137138605,0.006249470175684085
114,net.4.weight,0.1293429136276245,0.001,29.53343391418457,0.29006898403167725,0.009821715445434892
114,net.4.bias,0.1293429136276245,0.001,0.6187976002693176,0.003840978955850005,0.006207165241394449
114,net.6.weight,0.1293429136276245,0.001,30.028305053710938,0.2935166656970978,0.00977466644128236
114,net.6.bias,0.1293429136276245,0.001,0.77556312084198,0.003985290415585041,0.005138576485249147
114,net.8.weight,0.1293429136276245,0.001,30.951629638671875,0.2916485667228699,0.009422720875364688
114,net.8.bias,0.1293429136276245,0.001,0.7347798943519592,0.0036397487856447697,0.004953522563181801
114,net.10.weight,0.1293429136276245,0.001,5.393333435058594,0.04897867515683174,0.009081336384369055
114,net.10.bias,0.1293429136276245,0.001,0.12052903324365616,0.0006358339451253414,0.005275359206109018
115,net.0.weight,0.12574103474617004,0.001,26.353981018066406,0.2002905011177063,0.007600009310942489
115,net.0.bias,0.12574103474617004,0.001,1.6439969539642334,0.003462185151875019,0.0021059559408103026
115,net.2.weight,0.12574103474617004,0.001,29.674741744995117,0.3357948958873749,0.011315848972603421
115,net.2.bias,0.12574103474617004,0.001,0.5762295126914978,0.0034928179811686277,0.006061504841801838
115,net.4.weight,0.12574103474617004,0.001,29.550153732299805,0.28908655047416687,0.009782911895926305
115,net.4.bias,0.12574103474617004,0.001,0.6186874508857727,0.0036151078529655933,0.005843189235194371
115,net.6.weight,0.12574103474617004,0.001,30.046070098876953,0.29063355922698975,0.009672930878166756
115,net.6.bias,0.12574103474617004,0.001,0.7757148742675781,0.0036975478287786245,0.004766632626800937
115,net.8.weight,0.12574103474617004,0.001,30.97235679626465,0.2877226769924164,0.009289660418322332
115,net.8.bias,0.12574103474617004,0.001,0.735417366027832,0.0034241643734276295,0.0046560831054648245
115,net.10.weight,0.12574103474617004,0.001,5.397121429443359,0.04834672808647156,0.008957872954779502
115,net.10.bias,0.12574103474617004,0.001,0.12071865051984787,0.0005844844272360206,0.004841707761966101
116,net.0.weight,0.12512506544589996,0.001,26.35565185546875,0.19943329691886902,0.00756700300992506
116,net.0.bias,0.12512506544589996,0.001,1.6442301273345947,0.0034053632989525795,0.0020710989552739176
116,net.2.weight,0.12512506544589996,0.001,29.701078414916992,0.3344344198703766,0.011260009323513691
116,net.2.bias,0.12512506544589996,0.001,0.5762868523597717,0.003475513542070985,0.006030874256179016
116,net.4.weight,0.12512506544589996,0.001,29.564754486083984,0.2893903851509094,0.009788357460811128
116,net.4.bias,0.12512506544589996,0.001,0.6184007525444031,0.003683465300127864,0.005956437285970766
116,net.6.weight,0.12512506544589996,0.001,30.060379028320312,0.29024213552474976,0.009655305252515562
116,net.6.bias,0.12512506544589996,0.001,0.7756792902946472,0.0038114646449685097,0.004913712010437585
116,net.8.weight,0.12512506544589996,0.001,30.989437103271484,0.28844982385635376,0.009308004624127321
116,net.8.bias,0.12512506544589996,0.001,0.7357990145683289,0.003390090074390173,0.004607358813029991
116,net.10.weight,0.12512506544589996,0.001,5.399647235870361,0.04803114011883736,0.008895236673937143
116,net.10.bias,0.12512506544589996,0.001,0.12080349773168564,0.0005370905273593962,0.004445984904777491
117,net.0.weight,0.12356604635715485,0.001,26.35718536376953,0.19956617057323456,0.007571604016852168
117,net.0.bias,0.12356604635715485,0.001,1.6445002555847168,0.003434241283684969,0.0020883190939145787
117,net.2.weight,0.12356604635715485,0.001,29.726985931396484,0.33330273628234863,0.011212126821452399
117,net.2.bias,0.12356604635715485,0.001,0.576298713684082,0.003393961349502206,0.005889239848907111
117,net.4.weight,0.12356604635715485,0.001,29.578292846679688,0.2879934310913086,0.009736648175881364
117,net.4.bias,0.12356604635715485,0.001,0.6183531880378723,0.0035304510965943336,0.005709441084628327
117,net.6.weight,0.12356604635715485,0.001,30.073564529418945,0.2897241711616516,0.009633848720467903
117,net.6.bias,0.12356604635715485,0.001,0.7760263681411743,0.0037904425989836454,0.004884425007442647
117,net.8.weight,0.12356604635715485,0.001,31.005329132080078,0.28662124276161194,0.009244257383646202
117,net.8.bias,0.12356604635715485,0.001,0.7362286448478699,0.003153393743559718,0.004283171764134928
117,net.10.weight,0.12356604635715485,0.001,5.401764392852783,0.04707317054271698,0.008714406464117674
117,net.10.bias,0.12356604635715485,0.001,0.12081798911094666,0.0005084805889055133,0.004208649660925722
118,net.0.weight,0.12735360860824585,0.001,26.358572006225586,0.19980761408805847,0.007580365660205957
118,net.0.bias,0.12735360860824585,0.001,1.644743800163269,0.0035275835543870926,0.0021447617276544343
118,net.2.weight,0.12735360860824585,0.001,29.752378463745117,0.3341730833053589,0.011231810717673105
118,net.2.bias,0.12735360860824585,0.001,0.5762999057769775,0.0033973981626331806,0.005895191251250943
118,net.4.weight,0.12735360860824585,0.001,29.590633392333984,0.2873213589191437,0.009709875253754444
118,net.4.bias,0.12735360860824585,0.001,0.6185318231582642,0.003804306033998728,0.006150542125017418
118,net.6.weight,0.12735360860824585,0.001,30.085657119750977,0.2876800000667572,0.009562031466412537
118,net.6.bias,0.12735360860824585,0.001,0.7767049670219421,0.003665604628622532,0.0047194298791177645
118,net.8.weight,0.12735360860824585,0.001,31.02098846435547,0.28555023670196533,0.009205065693830988
118,net.8.bias,0.12735360860824585,0.001,0.7365137934684753,0.003151458455249667,0.0042788858582110964
118,net.10.weight,0.12735360860824585,0.001,5.403730392456055,0.046972066164016724,0.008692525857617298
118,net.10.bias,0.12735360860824585,0.001,0.12079958617687225,0.0005324492231011391,0.004407707343645515
119,net.0.weight,0.11987635493278503,0.001,26.359926223754883,0.19718241691589355,0.007480385765958551
119,net.0.bias,0.11987635493278503,0.001,1.6450257301330566,0.0036774748004972935,0.002235512024605137
119,net.2.weight,0.11987635493278503,0.001,29.777822494506836,0.33206281065940857,0.01115134629876529
119,net.2.bias,0.11987635493278503,0.001,0.57634437084198,0.003477702848613262,0.006034070990461302
119,net.4.weight,0.11987635493278503,0.001,29.60332679748535,0.28477516770362854,0.009619701517054451
119,net.4.bias,0.11987635493278503,0.001,0.6185892820358276,0.004070799332112074,0.006580778960014862
119,net.6.weight,0.11987635493278503,0.001,30.099411010742188,0.28472644090652466,0.009459535298046481
119,net.6.bias,0.11987635493278503,0.001,0.7766139507293701,0.003902864409610629,0.005025488411514097
119,net.8.weight,0.11987635493278503,0.001,31.037940979003906,0.28367137908935547,0.009139503786067812
119,net.8.bias,0.11987635493278503,0.001,0.736351490020752,0.0034990895073860884,0.004751928331519335
119,net.10.weight,0.11987635493278503,0.001,5.405928134918213,0.04708787798881531,0.008710415087589341
119,net.10.bias,0.11987635493278503,0.001,0.12075377255678177,0.0005969539633952081,0.00494356367304801
120,net.0.weight,0.1213836744427681,0.001,26.361608505249023,0.19736899435520172,0.007486986020443417
120,net.0.bias,0.1213836744427681,0.001,1.645270586013794,0.0035485655535012484,0.0021568279307167394
120,net.2.weight,0.1213836744427681,0.001,29.80335807800293,0.33081960678100586,0.011100078250080653
120,net.2.bias,0.1213836744427681,0.001,0.5764052867889404,0.0032886825501918793,0.005705503793194875
120,net.4.weight,0.1213836744427681,0.001,29.6162052154541,0.284549742937088,0.009607906916737815
120,net.4.bias,0.1213836744427681,0.001,0.6186773777008057,0.00394036527723074,0.006369014641967906
120,net.6.weight,0.1213836744427681,0.001,30.113601684570312,0.2819676697254181,0.009363465475798381
120,net.6.bias,0.1213836744427681,0.001,0.7761718034744263,0.0037091353442519903,0.004778755589482324
120,net.8.weight,0.1213836744427681,0.001,31.05527687072754,0.27979180216789246,0.00900947698301225
120,net.8.bias,0.1213836744427681,0.001,0.7361837029457092,0.0034154048189520836,0.004639337715961306
120,net.10.weight,0.1213836744427681,0.001,5.408195972442627,0.046223610639572144,0.008546955560616477
120,net.10.bias,0.1213836744427681,0.001,0.12074076384305954,0.0005631388630717993,0.00466403263610105
